Actual,Predicted
0.477,0.7191228416019086
0.458,1.7640165706624131
5.00001,2.7096588334317104
2.186,2.838925930183933
2.78,2.604657251810302
1.587,2.0117536732499133
1.982,2.6455000493766434
1.575,2.168755321287094
3.4,2.740746441138512
4.466,3.9156147250324693
1.232,0.9389615628098014
2.539,1.9012217664440811
2.151,1.7587117811025976
2.205,2.2501597954690027
2.198,2.5408697582138657
1.362,1.9174049020086343
1.784,2.386482948927089
1.875,2.0109303249639936
1.398,2.227409336660976
1.375,1.1185315173418218
4.25,2.933130791513072
4.056,2.6609362120340947
1.388,1.877669079522505
5.00001,3.351918252266252
1.621,2.2446419658192127
0.514,0.9014366008493511
1.513,1.844995598842715
0.948,1.6369502962777958
2.041,1.9188916718833653
3.615,3.254264392650988
0.851,1.5716906637246666
1.384,1.1268222788358528
1.375,2.0575658652281774
4.65,3.688124161235443
2.718,2.4135484193871477
2.394,2.5539747154621253
3.409,2.7975443861440183
1.504,1.853904562565738
1.281,1.0815874645092052
1.56,1.8522518000544181
2.581,3.0982382571323512
0.905,1.4246318772125122
0.713,1.0443323247164642
2.197,2.060511469662792
1.51,1.759745093427341
2.901,1.8962650233720666
1.42,2.016485599438141
2.915,1.8442863810169072
2.554,2.0711479795716556
0.981,1.4427760330352157
2.519,2.403725497017298
1.621,1.7266098459317263
1.294,1.8725118117001998
0.894,0.725636413057039
1.505,1.8786128711212982
1.338,2.0882164715897815
0.804,0.8460960843296732
2.111,2.462232577520531
2.556,2.494681680632624
2.145,2.1889535134438134
5.00001,2.5392250892446384
2.021,1.876976336675817
0.815,1.1190117144006777
0.988,1.299780701195381
2.819,2.9863747197851183
1.846,2.1845794811578685
2.547,1.7890926159450373
1.431,1.9421512802292042
1.625,1.5668682865682868
1.426,1.7256066369383376
0.859,0.19466371636199398
1.869,2.693080791720682
0.713,1.240924028655563
1.744,1.9532269937099258
2.25,2.1936236509612996
1.465,2.0082200466688747
4.05,3.3269794345442207
1.896,2.0801084285974554
1.644,2.4089944439590596
3.375,1.8382306119047058
0.725,0.7684447087915416
1.438,1.6140949346811126
1.6,1.5899636983746177
1.181,1.3726385713367577
3.74,3.4496622406454236
2.027,2.461816601441498
0.966,1.4954308435901638
0.658,0.7913581855527951
1.674,1.6077840082750186
1.798,1.936042089581079
0.967,1.884167677394828
2.661,2.412443253652981
0.911,1.626190258525753
0.498,0.7606505487996102
0.907,0.975041018260022
1.158,1.4924054693282827
2.786,2.6825868140803593
2.5,1.6620203205100097
0.85,1.8133871560519523
1.77,2.1204431972629223
0.997,1.5177695652370033
3.576,4.0960012576314355
4.75,2.626518307988057
2.736,3.030493304663807
1.824,2.213131247424542
1.578,1.8593113575320857
1.938,1.642745055580086
3.336,2.8246122482533025
2.646,2.3611463916505144
0.584,1.232033510979818
1.734,1.9289923732176604
2.148,2.5191470116782995
2.0,4.946137379254786
4.228,3.6668518292626047
0.936,1.4638287716867708
1.222,2.0592679267267613
1.676,2.115746266185077
3.036,2.3142217193554373
2.693,2.452446145149203
2.644,2.3075593647468864
1.91,1.7407607793968651
1.538,2.210024544173109
2.755,2.98078703557357
2.088,1.5888280489837001
1.423,1.646760589977113
0.635,1.1234679680131805
0.958,0.7616710856200655
2.317,1.9377168927853958
2.215,1.9968913303591478
0.895,1.472731242681128
2.26,2.712105705065035
5.00001,6.801288273985428
2.702,2.8644523205024655
0.596,1.1837814693582658
1.933,2.031418474481164
1.336,1.2912917551629377
1.619,2.581582069537056
3.575,2.456254333960466
2.765,2.2667480050483917
4.107,2.702790921745681
3.75,1.6545461096333582
1.352,1.6799270980634944
1.672,1.7917488631281415
2.52,1.8414144115505664
3.084,3.829820249581587
1.721,1.5987181856194397
5.00001,3.404945536386549
1.938,1.72423160516977
1.052,0.4660849883487117
0.908,1.1812249138037103
1.688,1.5096587656431666
1.621,1.4599839081560546
1.612,2.260846402164546
1.375,1.6498122080697257
2.893,2.5064246836994712
2.787,2.7969859968336905
1.617,2.2407446373688984
2.31,2.649066295919546
0.875,0.8820853140279468
0.957,1.350842691394007
2.406,2.8249173666767646
2.141,1.9690877675022875
4.286,3.6766676443067254
1.25,1.8415666791188343
0.764,0.34446708066533915
2.638,3.2177459861892572
1.204,2.0353086975866503
1.091,1.130908127324517
1.706,1.8397285813735138
2.574,2.880049644355502
3.2,2.911996623649877
2.896,2.208643384443377
3.073,2.735915570169773
3.255,2.9949530515667817
0.584,0.3805509968683225
0.485,-0.5910847565070156
2.167,1.3597694128446065
0.979,1.4071900671098305
1.586,1.4578148839968748
0.69,0.9321247706878779
3.223,3.048582430350436
4.677,3.4160187846336925
1.63,1.9753486939424292
2.871,2.718639130160838
0.546,0.5792985590659612
0.904,1.176292079967233
1.555,1.783385294190758
1.75,1.7125393740905537
4.112,4.0880923335748705
3.321,2.095475026809517
1.412,2.055089849829251
2.471,2.8728252594607397
1.53,1.5672814015810985
1.55,2.065398087937375
3.908,0.8678058396768549
0.9,1.0131006100527742
1.967,2.29645044211955
0.682,0.9824983915348326
5.00001,5.096408163745458
0.921,1.7266509555205616
2.979,2.39365930697177
5.00001,4.497722814211407
3.323,2.8180309013560603
1.711,2.5052673237298393
1.521,2.413946631934145
2.32,2.0668007516266442
1.271,0.49390395253421104
0.875,0.6352749296389817
2.034,2.3930080412803605
2.286,2.0226614072877567
1.167,1.8183910082868309
4.167,5.766562333617173
2.276,3.0003379797578873
2.679,3.002910184312867
0.972,1.7264799896647531
1.375,1.7336555585349558
1.988,1.8517709553855823
0.686,0.7860424604994876
3.525,2.4516151162623956
1.038,1.6837798154077745
1.078,0.3535817173633049
1.317,1.4996478076666406
2.713,2.792933415075055
0.973,1.8293403269643989
0.95,1.6894033439983858
0.675,1.2331570937878595
3.261,2.604708411087735
0.656,0.538976575742673
2.256,2.396347412532421
2.638,2.399077537674671
3.483,2.7018121558658237
3.25,2.2049243174349513
1.088,1.4431439068201328
4.0,2.929136949901256
1.384,0.7371076675828832
0.61,1.1018613661764505
4.531,3.9351928831697407
5.00001,4.514576246539363
1.202,1.9858353567171037
3.292,2.7363638652184648
1.963,2.1490374651350166
1.5,1.4334008770178244
1.52,1.9170516285807366
1.699,1.7095714661660537
1.375,1.1981309961116082
2.83,2.4637613461519976
4.045,2.8292497243038355
1.935,2.483434675260362
2.051,2.6633644778286225
1.456,1.5559502743931048
2.25,1.0501745190083511
2.159,2.3268576985975145
1.585,1.9828015388711435
1.247,1.9311815603019298
0.654,0.4570987837714853
2.802,2.6689816234870136
1.805,1.7012303081441615
1.054,1.6082926980163208
1.0,1.1753571317272247
1.663,1.591054670027404
1.58,3.170831081109945
2.438,2.486681891461359
3.629,3.7221839950255386
2.019,2.5096347335243436
0.526,-0.6881221826726147
5.00001,2.873333628843959
1.12,1.6876500782025943
2.25,2.1817830925784847
4.399,3.385570483140846
0.883,1.2269711903919926
5.00001,7.016410347708543
2.768,2.1863690327062884
1.792,1.9869838642410471
1.997,2.0612541849127908
1.32,1.1445710657180967
0.613,1.427798414106185
1.719,2.5189183688061547
1.238,1.1541525770251013
1.353,1.1248742782883667
1.371,2.112995633313666
1.293,1.9146795832027337
2.279,2.3541745655385142
0.944,1.1768900292664881
1.035,1.9492425219493867
3.208,2.1296704734527836
1.25,3.7454535700306693
3.324,3.253019909587472
1.591,1.9315431787884023
2.369,3.3035224929778195
4.616,4.097177916950109
1.569,1.9573036386393738
1.482,1.6955332243691004
1.665,1.8902435850209898
1.969,1.5158711779431613
1.678,1.922565923807575
1.267,0.9642895859737592
5.00001,2.34445984014085
0.579,0.4887530967339373
2.38,2.835233642078329
1.42,2.277866299559264
0.869,0.6686575208290435
0.56,0.7134624036641526
5.00001,3.699301105808459
1.124,1.7681151900244245
0.636,1.4210875165216308
4.313,3.9085432985611845
2.659,1.723002605646677
0.58,1.1432544998374112
1.941,3.154155211930785
1.428,1.9618945712156446
1.787,1.701599201038988
1.875,1.2890928132567865
2.25,2.3926496649375864
3.13,2.7068466196755736
5.00001,6.523495899921038
1.536,2.048917395402441
0.623,1.0349994242211764
1.945,1.4799773278493547
1.639,2.063963462427303
3.988,3.522228960460147
2.041,2.8012945836558956
1.993,2.8367546419722913
1.767,1.622759332970439
5.00001,4.420789237090432
2.489,2.5177628970833084
1.5,1.8319608901036801
2.317,2.036808036591353
0.58,0.7491485846345256
1.26,1.1661550783966348
1.633,1.8672749282724652
1.134,1.3737157307467882
3.0,2.638989517246678
3.109,3.0197954333340036
2.188,2.1600924565978445
0.704,1.1566014104063171
2.377,2.9875977547430494
1.188,1.3250304798634573
0.731,0.43349353928053347
0.75,0.9303290644510582
4.507,3.974888195724361
2.402,2.6218618846353223
0.658,0.6921939142901365
0.647,0.25947044522531115
1.751,2.4722841706475975
2.237,2.121594002945784
0.963,1.356960270917618
4.051,3.248030966691026
3.768,3.0931579926250095
5.00001,5.432126733327557
3.5,2.2394115161090795
1.625,1.4167793318306963
1.773,2.0105153458164864
0.984,1.2987466710063345
1.388,0.4362080171029561
1.75,2.530565002073594
2.609,2.2050962633524733
1.047,0.33143258169119605
1.595,2.3208118744296087
2.959,2.819313367055443
1.375,2.2017927242890565
5.00001,3.808951501773663
2.27,2.56831771407456
2.639,2.016727647737767
1.604,1.655584354314101
1.42,1.9459029710374693
1.625,2.2667592387815816
2.304,2.1767784386598947
5.00001,3.863440752072755
2.177,2.6685876886124262
1.83,2.2899629768545253
2.458,2.1311427675202665
1.292,1.3653952536187646
0.604,0.5102912369374337
0.675,1.1438256547431394
2.952,2.730460295264166
1.926,2.6535769177100477
1.506,2.14162555300625
1.257,1.8765237875748326
0.634,0.8975523659648488
1.513,1.4001933216484375
2.456,3.0451282265109114
5.00001,5.226939569568536
1.655,2.4633926811673916
1.135,1.4219549136732255
3.222,2.2712332755228672
3.625,2.2731188215367126
0.696,0.8974290749621616
1.561,1.9326040512530511
0.875,1.584136807424045
1.931,2.0361130480573735
2.18,2.2804896915866735
1.018,1.6487842128200398
1.291,1.4532186449958573
1.563,1.4838252917468608
1.832,2.325208203317956
1.481,1.8135488635528318
5.00001,6.913557001141321
2.221,2.8959708547870378
1.676,2.2447409927793345
1.845,1.6815884446851896
3.7,2.5335571807736343
2.394,2.4617780410875625
1.667,2.1550146205001752
2.333,1.5468722162031554
2.4,2.129390146026921
0.913,0.4192621153639422
4.835,3.9647122842002176
1.505,2.2546735499613604
0.995,1.0136398380911515
2.402,1.8416691008718757
0.955,1.9044027472603844
5.00001,4.895849343793287
2.516,2.3321770961648056
1.208,1.0365803436210186
1.357,1.4851791293976007
2.254,2.755017976761664
5.00001,2.3306767097626278
0.851,0.17059786064643845
5.00001,2.8388345451644597
1.648,1.9851218078812067
1.116,0.9940685326251
1.61,1.3918581504502257
2.137,2.315601367391075
1.165,1.0085656450600382
3.5,5.2775523152809285
1.599,2.4972522275633438
4.383,1.9808887025756974
1.711,2.434503146577512
2.711,2.243638005200971
5.00001,1.9108669679259762
0.68,1.4020604760395585
1.917,1.8424188800457486
2.559,2.786579607503157
1.125,1.6878748601452287
1.822,1.8864846515976197
3.476,2.84855948776098
3.32,2.941048892409647
1.109,1.1848601644564525
2.119,2.0795915866044012
2.625,2.415018640151054
2.379,2.382806823313153
0.9,1.8563442356784279
4.272,2.693174932354424
3.705,2.966160686821759
1.163,0.7692658689665635
1.708,1.6863272519726067
2.855,3.2872556820400973
1.115,1.6455467558706118
0.832,1.572539861206593
2.482,2.647496187765796
3.955,2.8634417581792704
2.183,1.871076886936308
5.00001,3.8942619667269724
0.889,0.7514515063068075
1.81,1.9980623452473765
2.809,3.2078972256355414
3.453,1.9829038633169631
1.81,2.365280274893834
1.922,2.6581166764380058
0.781,0.11879577460244661
0.75,0.856474044985319
4.333,3.812334034874759
1.601,2.0157193971536103
1.092,1.0634753475970982
0.962,1.3988257866691924
1.914,1.4684032929933863
3.6,0.9491284335341845
1.856,2.5240831055963255
1.188,0.8013933865457545
1.227,1.4056018117977374
2.063,2.0634259149159817
1.956,1.8443661330820262
0.756,1.7020388534416568
1.043,0.9729274156608341
3.859,2.3634584586177354
1.139,1.784452182965353
0.794,1.5867546380650808
0.813,0.8880393292107343
1.292,1.94879045399464
0.735,0.9159443075559253
1.759,2.317241891534003
1.424,2.048905316504822
2.341,1.9255907463039748
2.867,2.42951061992715
0.925,1.4679946569774955
1.701,1.963933679325251
1.618,2.2355624080078087
2.253,2.644280920163631
1.706,1.7657994259134142
3.194,2.076894219012388
0.958,1.538575897671052
0.734,0.9259081486901763
0.936,0.7394743429530237
0.517,0.7328992229186682
3.587,2.2511311273076373
0.647,0.7480358978532706
3.442,2.881019234883908
3.14,3.0073414418578253
1.857,1.979340295631502
2.793,2.564289802915674
1.194,2.211317484301901
2.804,3.0249629710397983
1.871,2.141346502285643
0.838,0.8034699774977412
3.093,2.1275671612150475
2.292,2.8670732303520765
2.45,2.1543100377533975
2.276,3.0324012352961702
5.00001,2.852087325373148
3.208,2.4670524685056137
1.473,1.2556804358745595
1.623,2.4123347705713414
2.659,3.045659069742328
5.00001,3.7566425913691717
1.891,2.2257583214536822
3.164,3.2047098738368973
1.819,1.749718334171078
2.615,2.0465211908726317
0.69,0.7150780470897331
1.813,2.0642520417499526
2.93,2.739587004795972
1.111,1.7245674114059213
2.183,2.7238285044646986
1.472,1.644628327947558
2.438,1.8341906809596438
2.23,2.1402932110544626
1.375,1.6052281274562503
0.606,0.2530533684625098
2.75,0.04997083469654484
3.5,2.036981788147891
1.712,1.6970893079921368
0.835,2.011471046906827
2.25,2.276383345907867
1.656,1.9651428420941315
1.52,2.1255678863165386
1.92,2.0813226117205375
2.542,2.912603233222228
1.5,1.0489623689099474
2.125,2.330159546968815
0.804,0.20271659405128162
2.065,2.9644672472268994
3.311,3.379185208594734
2.014,2.9373303035898246
1.884,1.7441435332362403
1.954,2.3117916227907713
4.425,4.047299882408623
1.527,2.8998321977232635
5.00001,5.2289010458985885
2.398,2.767295536415048
1.594,1.3024016704720722
0.918,0.9936816675083335
2.409,2.7347230939873555
1.364,1.6902704197801555
1.036,1.4912253061713443
1.325,1.6189176764672695
2.929,2.4341602269415787
0.628,1.2709441352151316
1.121,1.9546695666566265
0.891,1.572720904697988
1.207,0.9926616519204927
4.714,2.603803802961579
3.147,2.6826940301624944
2.264,2.4584372576288516
4.097,2.431968777139936
1.49,1.369595309866014
1.717,2.916915419703784
2.355,3.054035455996072
3.228,2.6464890481860763
2.445,2.8795685682129033
1.622,1.5455367243705354
3.409,3.2095640621241515
0.574,1.0318174754385225
1.989,2.0448610820861646
1.097,2.0610831567857844
1.375,1.3850248099109308
0.857,1.1612295489728908
0.983,0.8010129101195815
1.782,2.1134406499858187
1.375,1.5019279458192045
2.75,2.6050939897877825
3.815,3.1925606144285084
5.00001,4.047534319769987
5.00001,4.7960424338611745
1.792,0.7067408873617609
2.045,2.434414405925331
3.941,3.3685902137080035
1.844,1.9638422857805296
1.74,1.8977118480513084
0.807,1.2644365036047631
1.896,2.3370584373105174
0.6,1.1853351645342656
1.266,1.732678296187828
2.625,2.077636191032042
1.392,1.9864504922208397
0.513,0.5318114791808313
2.292,2.97148693416176
1.011,1.7740592540086837
0.977,1.3000255750750327
1.583,1.4400417530191518
3.491,3.555144341400151
0.855,1.4220055669490748
2.141,2.743627042842597
2.271,2.555843256322767
1.557,1.5374929011922234
0.668,0.9763269322854669
2.073,2.631627652862875
2.228,1.8944763200446673
3.545,2.268070381405522
3.405,2.3106828033280493
0.529,0.876948452707488
1.406,2.1337130488356166
1.508,1.564460987174293
0.561,-1.0137928122566464
2.596,2.809595949448216
3.189,2.5131327506639636
1.484,2.5371493946319177
2.899,2.3209018778478807
1.618,2.504722148289673
2.55,1.827043254040177
0.875,1.2649589164687853
2.45,2.797531410442005
3.05,2.0742239712369184
2.15,2.193636048688319
2.49,2.2712167163968147
5.00001,6.838605442085914
3.2,1.9984666437098184
1.74,2.4509705912310764
2.925,2.848620827312722
5.00001,4.043900900012616
2.899,3.028117473758172
4.384,3.074640834981949
1.82,2.256727003831216
1.705,0.7767446904581092
0.692,1.170084486786216
0.956,1.4984917239287299
2.728,3.1380511590083415
0.813,2.1393216032022337
2.724,2.6532659804316623
1.526,2.175233736289101
0.559,1.2270630013808628
2.135,2.4172749414781336
3.313,1.5025888078380518
2.018,2.3390391292006285
0.571,1.247671186046773
3.318,2.5448961437952207
3.659,2.312460500645841
1.275,1.3155556959267258
1.118,1.0742751912534274
3.537,2.8098799747592125
2.293,2.4785020418265233
0.875,1.1735012546545178
2.375,1.7138094838285056
1.133,0.5163306948261948
1.125,1.0099563499072204
1.385,1.0729006151924096
3.074,2.13514368406058
1.009,1.7620648105866934
0.978,1.0808336279028268
1.767,1.9581476757059306
2.18,2.180386878855643
2.906,2.214696896407361
1.577,2.216623833899675
3.48,3.3171663152675563
0.672,1.2882179520550565
2.604,1.9886905106419093
1.236,1.2242487184154385
0.675,0.752196201342187
1.307,1.3293533030863216
0.66,0.5097090050919206
1.666,2.476042434040437
2.256,2.113076291510204
2.571,1.9749321892809562
5.00001,5.346940194962713
1.139,1.868437565902596
0.91,1.6007131353345372
2.174,1.9070853664500618
0.96,1.0030924998202977
1.292,0.7925765481422928
3.502,3.229437333771486
4.421,4.9658187880443805
2.229,1.516919520634083
0.813,1.048325415433105
1.606,1.8761440452057414
5.00001,3.215984179860051
3.412,3.242950047509538
2.879,3.1185695474499724
3.447,3.502316046500823
1.8,2.435791786364831
1.678,2.3623586434533763
0.55,0.924676192011745
0.508,1.069559198292076
1.426,2.122529000869278
2.358,2.3496406273041615
1.127,1.9178606084643732
2.102,2.4505506632944005
2.107,1.7698752069397017
0.654,0.8884606740196546
1.625,1.831414689459919
1.503,1.4667741521165425
5.00001,2.7671791637636076
1.014,1.985814036077528
2.218,2.179343133346009
2.603,2.4333440550906786
1.788,1.642766274108773
1.704,1.7687835527409135
3.194,3.2883968722855883
1.906,2.5365107526707718
1.841,1.7966777961544622
1.911,1.9576096168764892
1.496,2.689873253512836
5.00001,3.0870527751222596
1.834,2.1726849353951394
4.441,3.5803082124348506
2.427,2.3864637591482136
0.762,1.168639935510278
1.329,2.250670568699796
4.098,2.1919566406759756
1.125,1.0215543086818144
3.766,3.145257083515183
0.505,1.3522896744695316
5.00001,3.2871438326419735
2.095,2.3056284634643944
0.778,0.31992695413405414
2.997,2.9587778633473647
3.75,2.4407890824194425
1.565,1.6339171010545712
2.4,2.4147544044468603
0.772,0.5758789235969459
0.985,1.1899225689530297
5.00001,2.4452097830799957
1.104,2.054471785191339
0.864,1.7802845285968445
2.304,1.8485378127615988
1.639,1.981957067146844
5.00001,3.9936124718172934
0.495,0.1888481148379597
1.074,1.8713380686521432
3.625,2.345375759678376
1.45,1.7787794717329888
2.185,2.2974253328129137
1.301,1.8600506397378496
1.46,2.0613459436768693
1.525,0.9662444454921371
4.572,3.5970317488882486
1.652,2.1979391730170548
3.947,2.0319526195968294
1.444,2.050277326018609
1.366,1.3231197970088715
2.164,2.711148404107071
1.39,1.418443569087927
1.038,0.7142461984174631
4.885,3.221532181290506
2.271,2.1532903069372082
2.38,1.9071361842117582
2.156,3.0849399384098106
2.923,3.2889239255458875
1.459,1.9312915234186718
1.873,1.4727480732271019
1.854,1.0685032841011477
2.8,1.6539857855905922
1.411,1.866352305210917
1.909,1.983765689184338
2.625,1.9769413461679193
4.42,3.004308402294342
2.748,3.097790477088445
0.855,1.0222318189504236
2.318,2.8892689825457367
3.02,2.9935542858105535
2.358,2.947408749357649
0.722,0.9673967833761665
1.824,2.187026376736007
5.00001,3.2634926412468417
0.787,0.6411546945437294
1.813,1.554255919285474
1.98,2.2147600932259692
1.996,2.0859539850353883
0.633,0.9957721374110093
0.94,1.2180227145114841
1.868,2.3303484580923026
1.17,2.0611999914340657
1.178,1.7647672208110095
1.21,1.6111320720692603
2.309,2.4105992140141836
4.273,2.680254012284699
1.281,1.3776300597076556
3.847,2.096439968714421
2.904,2.7111998049511
0.913,1.0973628156577604
0.619,0.8811582604710395
2.322,2.5185464373389976
1.296,1.1873972894509706
1.275,1.2333145901602407
1.505,2.094937865743084
1.875,1.6403011043279463
4.379,4.3292829011224185
1.265,2.11583710108043
4.534,4.105994925623705
2.294,2.541212985379282
3.649,2.8183254338467805
1.919,1.9772882501038112
0.875,0.9355809570814699
0.3,1.803413971944515
3.357,2.645251381911031
2.421,2.0284357744772095
1.737,2.305853727180285
0.541,0.5034431158228685
2.078,2.519386534307259
1.125,0.4204454242678537
1.667,2.1026537550168953
2.718,2.8405383618385613
1.411,2.348882624460174
3.75,1.3271783346426602
1.616,1.5940607686263348
1.594,2.2704342568997546
0.863,1.349353666733876
2.563,2.867812485104494
2.132,1.8323412036012527
2.541,2.1801567657017245
1.326,1.8629843873008198
1.693,1.1430038338584794
3.477,2.705408394109085
1.597,1.9213670101360592
0.909,1.853355383733934
2.905,2.3974566972216635
1.899,2.111615984356007
4.956,4.001265684054125
3.333,3.504237680461493
1.838,2.047438623988583
1.89,1.7362530651670127
1.575,1.0799116172504526
0.666,1.1603541016402872
1.324,1.7631099873334506
1.56,1.9451994535079251
3.481,2.170852705623645
2.264,2.8884077427760886
0.742,0.3032225280480887
1.583,1.6393413926673972
5.00001,4.833320914356683
1.655,1.8080960747330224
3.295,2.3092548802533557
1.396,1.9325573146162895
1.529,2.0511707654369857
3.673,2.658026610636668
0.7,0.7413253230094625
0.974,1.84900898676554
0.659,0.9668117000299432
0.493,0.8591299598081434
1.541,1.8608871955508377
2.728,1.9490449258544942
2.471,2.7749831361492525
2.688,1.572985977695744
2.476,2.0405741063065648
4.168,3.311001832148783
1.216,1.3865772052002256
1.717,2.114719264052617
1.738,2.1642855325180435
2.356,2.55679359910733
2.601,2.3570421093291856
2.0,1.8649656974595246
2.966,2.6362958589470082
3.746,2.1565941390545973
1.778,2.5987176767881692
2.695,2.5372105378095426
0.62,1.2931244139028522
1.976,2.051901689093526
0.527,1.1914230767011276
1.914,2.3611214883988154
3.177,2.8381548781397825
3.294,2.3364188986430037
3.307,3.1650480976740383
1.874,2.5993768495116427
2.865,2.1184152555941864
5.00001,1.3199543096253876
1.339,2.090547725602967
1.998,2.5595017839754917
0.45,-0.15023192339562996
3.546,3.4614367884282586
2.638,2.731818702793298
2.784,1.9649505558115337
1.604,1.7097304414323844
2.413,2.766346475837487
2.083,1.929523110631905
2.636,2.8731505973353606
1.45,2.0834679137172643
1.325,2.0453446945680085
1.838,1.8140287413070908
0.811,1.2296018744750086
1.765,1.944232915329117
2.555,2.018528984309306
1.661,2.172585965307249
1.02,1.602037367085586
0.861,1.4941023189734324
1.006,0.5319283747468475
5.0,2.467374171578385
2.099,3.000148222140986
0.525,1.0320231863121734
2.629,1.989313005755271
1.588,1.9545887976182357
2.095,1.5349714831191932
3.5,1.6284783229987383
2.171,2.633319713628474
1.414,1.302374632553665
0.934,0.8656509676454647
1.982,1.7506463667288585
1.872,1.7398748254221204
1.853,1.8185301065067137
5.00001,6.659765419273143
2.813,3.061853491650801
1.036,1.7915852428394743
2.879,3.0119285301478413
2.083,1.7613408789124705
1.75,2.950578691384571
1.327,1.8238964972159621
1.72,1.6015185321613359
5.00001,4.740622478993906
0.64,0.5165828466139146
2.279,2.1770647586595118
0.631,0.9522777048186626
0.841,1.5230465485176339
3.392,2.819936234722185
1.563,1.2485621411028944
3.836,2.657113529321421
1.371,1.8189304886258313
0.568,1.1535953432375408
0.7,1.3453377023463915
0.963,1.0404065955849475
0.926,1.684516780483797
3.591,3.101034814155099
1.587,2.2281084544215446
5.00001,2.9840018943676014
1.146,2.233629977095383
4.102,3.355487816981274
2.819,1.8612048990531633
1.017,0.6199223130436735
1.693,2.072590286530314
2.078,1.9967589543290316
3.272,2.5186927371086725
2.779,2.4392408725201946
1.114,1.0815059154968267
0.806,1.6427325299052313
2.075,2.6131954777389836
2.753,2.5284699417259233
4.21,3.084400768601917
1.288,1.2967196127001301
3.139,2.546879261529746
0.676,1.6106957926595484
0.644,1.1766615037002381
1.539,1.8172846850188975
1.307,0.9417809819385283
2.385,1.960573005170815
3.796,3.3560166811621386
1.465,1.6746015439813746
1.503,2.2474099572233968
0.803,1.536573753748435
2.933,0.6455219763191806
2.88,2.7022568414822032
1.441,2.2362415362336847
1.27,1.5189027130972619
1.521,2.1056965837743746
1.568,0.8034408023478719
1.049,0.9720232125825063
5.00001,5.430904650317181
1.344,2.0979977808504913
5.00001,5.737346451557357
2.728,3.0029311321837397
1.516,0.8536016150471184
3.626,2.2947693492952794
1.692,2.230535756968159
1.404,1.9847219522764306
0.437,0.9023390877473574
1.36,2.5637675911182
2.644,2.692171368968239
1.522,2.1333175928266286
1.375,1.6566679342554025
2.147,1.4521149422810709
1.709,2.2594369101566727
2.362,2.2999199709171236
2.978,2.4736974806604906
0.885,0.9551479670350531
1.276,1.64622089847893
0.802,0.9960810671481468
3.06,2.5041517141322984
4.364,2.0514149695983903
2.389,2.4202877119818353
2.317,3.147273407775131
1.229,1.6662110359116866
2.182,2.4769406114768344
3.97,4.909029640578602
2.603,1.6472597114034215
4.357,3.1804910959940926
1.64,2.3941534690719877
4.405,3.023352729325346
0.854,1.1375700265570146
1.019,0.968252954445056
1.594,2.1298164018310217
1.903,2.606780925136789
1.0,1.381930829689665
1.396,1.5307999254853186
5.00001,4.870311686877834
1.545,2.703422047955513
1.705,2.0999113607324915
1.106,1.3910297381407162
1.912,2.601619702546742
2.872,3.459044133796084
1.501,1.9874345491374399
2.383,2.3000106593617318
1.542,0.9523389148009684
2.805,2.416683761836687
1.619,2.5757405365181327
2.656,2.768948463605014
1.227,2.371812174388481
2.312,2.726731660763541
3.191,2.56787241054635
2.313,2.288502018658953
5.00001,4.582956406334738
1.212,1.2581037570467757
2.225,2.3111315798215486
4.5,3.1092372484531623
1.021,1.4167234062752314
2.012,2.281943917319495
1.042,0.8722236195376425
5.00001,5.433507298637288
1.32,1.9216989627714796
2.211,2.515286738724285
1.516,1.9516044080028223
1.469,1.5473979881304132
1.512,2.12587070769122
1.651,2.248259199276795
2.136,2.67441449836339
2.135,2.0072198795168035
5.00001,3.4187564859365906
4.38,3.4359306602146873
1.838,2.437555991052143
3.5,2.611867811860094
1.593,1.010468719568344
1.291,1.6750457261150373
0.766,1.1095768785238462
2.25,1.952606685717015
2.308,1.7035967787413924
4.318,3.8349014317427503
1.91,3.0105043534655707
0.847,1.2627976073522547
1.525,1.2577614804391999
0.676,0.568082022403118
1.982,2.080838343675765
3.063,2.041835368555958
1.221,2.061044646079985
2.761,2.1254687799641516
1.03,0.9915590916843442
4.091,3.0186955546186667
1.352,1.8345794998226737
1.216,1.1174503050559679
1.828,1.7243297242449884
2.28,1.7920004446856481
1.1,1.1010237573495516
1.112,0.8239987381149305
0.847,1.2039980989158892
4.473,3.880240086270426
0.883,0.7968769942910896
0.871,1.3800001627276188
1.875,2.2033479114632115
1.469,1.7319146199780846
1.031,1.2950656130928593
3.437,3.669489192169081
0.982,2.1778354290002824
2.625,1.832362723828318
0.774,0.41931177495943217
1.351,2.1561637302351784
1.347,1.1198336196262417
2.313,1.6309430925939097
1.586,1.6670903723139219
1.016,0.9085306012050864
1.22,1.7566191881194158
3.8,3.4603520053325667
1.894,1.7409038845223535
4.4,3.3149253879198426
0.7,1.3050152944868643
0.7,1.1986455369360982
3.335,2.700925583517133
1.018,1.4919082568703175
5.00001,6.92586697068964
3.605,2.8165556696481033
1.695,1.710188373195173
2.056,1.639194066681128
1.663,1.8732287912742223
0.325,0.8050781775832121
3.627,3.14926459187992
1.745,1.636244026180222
1.976,1.964327448990801
1.83,2.3810116161132697
1.583,1.5695503341320247
1.002,1.8398533042536158
0.875,0.9385643903427621
4.611,2.1815103460300236
1.902,2.88399429737116
2.323,1.8516527973504893
2.216,2.738170123750976
2.269,2.264515744488328
2.242,2.34145586219789
1.198,1.7494147099278123
0.782,1.1453856787498964
1.651,1.5559268445366783
2.139,3.4818955016120157
0.697,0.6629427836741826
1.058,1.6085582371021658
0.75,1.2168680381834065
0.917,1.368565415697688
2.695,2.7938631670861866
0.682,0.9714205055864298
1.658,1.7797804016334808
1.546,1.6785501076189675
4.727,3.275563432961505
3.459,3.673527266758974
2.307,2.8914993200182977
3.0,1.6420068719336243
2.494,2.275120159240714
4.357,2.629264748648687
2.258,2.2526256347331355
1.75,1.2176696405930514
1.784,1.3016583609546757
2.76,2.4579869450914558
1.159,0.7234104672188835
2.143,1.3025467901883019
1.183,0.6578076066077543
5.00001,2.1012255744047295
1.521,2.1161923537271576
1.404,2.231555392322214
2.226,2.005896098266966
4.445,3.109299707827958
5.0,3.426887034919922
1.633,1.5525673882069952
1.938,2.5983720018501444
0.905,1.408676895285332
1.152,1.7517271404043981
1.47,1.6786265015731416
2.739,2.8222589959546838
1.909,2.16510858787489
0.748,0.919559362577381
5.00001,1.642870230630571
1.185,1.4598505272825406
5.00001,1.1152274466765135
0.55,2.1195309010857244
0.584,1.2634587410708562
0.958,1.2128101395087896
0.992,1.615671764891573
1.674,3.013356148694193
0.705,1.066216706719139
0.675,0.9911685659169436
0.757,1.2248917792241727
1.83,2.037987128682623
5.00001,4.803171264550116
0.973,1.3709541858978511
2.3,2.59324497533224
0.829,1.5577086201886772
0.522,1.2012824583351929
1.148,1.9695447945973967
0.88,1.6452520845472307
2.242,2.2551003536003265
1.5,1.732845468189332
3.417,2.950317254474399
1.817,1.9201983494618844
1.406,1.7238356500527061
0.727,0.5076543948881636
2.109,1.8873431240734178
0.977,0.5445583079267564
1.097,0.8503348004316464
1.656,1.8884774740721042
2.306,1.8633205369255776
1.638,1.938741938615749
0.958,0.3484716302959896
0.481,0.34204105562834286
0.444,0.8054535274508225
2.379,2.934291010099969
2.848,3.431014788156972
1.648,1.5082938128130436
2.0,1.6264919515806184
0.778,0.9700413799423302
1.86,1.9046498640256004
1.697,1.8873740188844934
4.188,2.2872698233493125
0.733,0.9357671929684841
0.87,1.735321196614528
1.682,2.3775010717056944
1.543,1.927045940318095
2.25,4.013246765300892
3.33,2.87243251176546
2.259,2.1979396516469407
1.381,1.639583078976031
1.127,1.3398990968022844
2.316,2.2553810671670718
4.191,2.3090194876875856
2.211,1.8670642995581659
1.554,1.6088394837127495
1.517,1.1433817456707231
2.489,3.264170888202351
1.532,0.8299887254225737
1.265,1.5096051922831606
2.4,2.3658191609828947
1.861,2.0625423483602177
5.00001,4.0739284896578525
1.816,1.5665367952092808
1.781,2.3268107107133176
0.692,0.7928939425133947
0.668,0.7854256871220286
5.00001,4.278286490973343
1.813,2.3634253523711024
3.964,3.596162466498356
1.875,2.5114689601568827
2.979,3.1668381944115396
3.454,2.620965240526715
2.451,2.527813445953619
1.055,1.5824597199934232
1.011,0.7891422337756708
1.417,1.7622182536938027
4.309,3.1127075340663097
2.863,2.1692062716146907
1.13,1.362014908278752
4.667,3.7623929760226744
1.686,1.8794715877662824
3.605,2.6201869389095336
2.564,2.463920650224779
1.139,1.9717040000154782
3.504,3.2127995313791473
2.091,2.372455204826572
1.315,1.7132590031082984
2.167,2.845211008085215
1.013,0.9147105914164726
2.028,2.2754814544088973
1.176,1.9477536705730927
2.926,2.549855217226856
5.00001,6.077204848784781
1.303,1.3368044165801933
0.924,0.7349890806786803
1.125,1.4435603761002866
1.542,1.0673094487657693
1.04,1.1200185570782182
1.216,1.8264394925537815
2.063,1.9858561041827443
1.083,1.6128630967632915
3.494,3.2459199660640294
0.833,-0.05302600075292219
2.458,2.8678409408340357
0.915,1.6526535767488397
5.00001,4.692415118342964
5.00001,2.1228721162691
1.905,1.7567051674922425
1.083,1.3801066123903496
0.896,1.0335827191493934
5.00001,5.085385145474213
0.946,1.771655632793518
0.675,4.236214666883633
1.775,2.6175452142709332
2.613,2.6515044080082006
5.00001,1.9917824003038263
1.684,2.5194413323040763
2.453,2.6906606921928358
2.4,3.090177906461193
1.565,1.3292021611485652
5.00001,2.2820163565344203
2.356,2.559058385796419
1.856,2.4494003755555056
3.167,1.6980173290224556
1.188,0.3311769915612004
2.485,2.428939431950411
2.365,2.4513858392474788
0.946,1.128192327646147
1.768,1.8770608478633974
1.486,1.8221410395033644
1.953,2.431811283789777
2.159,2.655453744432691
1.266,2.3088364428314563
1.739,1.7232034702375287
1.83,1.7870391726985204
0.743,1.037377434262666
2.247,2.2057585226248975
1.016,1.4877466848177008
3.91,3.049270984620769
2.65,2.189630278127396
5.00001,4.306058670192542
1.865,2.6235969799448355
0.78,0.6334427941351777
0.808,1.1377145159682343
1.896,2.387699499402423
1.992,2.268512161473126
1.896,2.4889024737081655
1.6,1.9824867234045982
3.753,3.8985194350212495
1.667,1.749206398551543
2.156,2.2842658288993363
2.286,2.4636265348518265
1.713,2.0500575611098526
4.31,3.513548288825909
2.751,2.759431095543654
2.768,3.519298633810358
0.463,0.8585104156470038
1.44,1.550775223954929
0.943,0.6452745778039954
1.576,1.3385601570628012
1.945,2.2734935952883646
3.511,2.098159324239127
4.534,2.038476393998117
2.246,1.8038677038563407
1.556,1.8830439513447885
2.42,4.113904644025354
0.7,1.5767935312571737
0.713,1.2535219622749807
0.668,1.0016145269756933
1.531,2.51727107514575
1.375,1.7640215786937006
2.304,2.6523038922938227
2.422,2.8840697029754665
3.019,2.543331917012196
4.158,3.1755281953792434
1.565,2.1255868339200887
0.786,0.34343115717783945
4.414,3.6741337669246903
1.843,1.981218371989499
2.765,3.219771164498738
2.328,1.948603323501807
0.604,0.8156236876825034
2.241,2.1759387200860516
4.39,2.973724848567798
1.231,0.7301586325055496
2.557,2.96613823370825
0.576,0.6661412432289993
1.998,2.490962479074959
0.513,0.9553015423616955
3.482,3.448850129911122
3.628,3.2137956458533523
2.403,2.3917821916228448
0.736,1.1695411116131567
1.726,1.7834738375230046
2.29,2.2945976521367655
1.663,2.019984363027824
0.833,1.0611266818425946
5.00001,3.9579028190213705
3.329,3.135147310726772
0.543,1.240041756971614
2.417,2.4240284651272574
3.875,3.0711213284363836
1.364,1.7207050785642437
0.983,2.1161946363860835
1.76,1.8788137555676983
0.63,0.8365684176911756
2.369,1.9093724393597284
0.972,1.8692038417494174
2.2,1.3557932718226056
1.058,1.6278649123498568
2.709,2.929787694549212
0.994,1.5032274475442406
1.663,1.5520392832812888
1.438,1.7144942356511947
1.406,1.9554394384576952
3.309,3.071425948109443
1.569,2.1298267205442727
5.00001,3.4442004960414323
1.625,0.8504890029904146
1.248,0.7516591386681668
2.161,1.5582604694480082
1.714,1.8445431295561363
3.256,2.7205778831506464
1.098,1.030825560408772
2.762,2.550546993821264
1.299,1.628790940831287
2.923,2.406275167771433
3.415,3.1856756575612692
0.668,0.4149199926545464
2.388,2.2416461785083825
0.774,0.6768422505098926
0.824,0.2668348421827673
3.599,2.9620630053952013
4.657,3.4026994436358393
2.14,2.3108523903164766
1.071,1.4253075703083695
1.578,2.2828133977095746
1.193,1.88189610816341
2.329,2.3599941056626648
1.795,2.4367249504471715
0.701,0.4635897906642157
0.55,0.6225812487129616
0.659,0.8275441391072107
0.996,1.145166802749614
5.00001,4.73024843588113
1.641,2.492699653474375
0.77,0.6836402966626665
1.403,1.005490898692706
1.729,1.4112175991162559
5.00001,2.0685796304928274
3.143,1.9745779168580313
5.00001,2.6288191370358334
5.00001,5.895145758362716
1.43,1.7161687642519468
2.806,2.386503244541757
3.75,2.0796248340786576
1.375,1.5887169329102377
3.371,3.223283268551768
1.28,1.3695801561734058
1.854,1.9511143475641575
0.63,0.6244273466569936
1.095,2.341257369232892
4.0,1.207784162269924
1.519,2.5961306768615913
0.563,0.6266504514627442
1.025,0.48242950725928324
2.25,2.1319234715843223
1.455,1.9952468118902829
3.631,2.303368237412748
2.49,1.8102870728624154
4.153,3.3118419778245993
2.674,2.487587318738484
0.75,1.1217655342486097
2.5,2.177743650799279
1.618,1.446908068601772
0.975,0.6955215583991787
1.115,1.862014503086911
0.873,0.883410096884873
2.729,1.8920872965476505
1.244,0.9797168405519017
2.287,2.8951611662389496
2.295,2.6939453415720394
1.625,1.9006333137213716
0.8,2.1122080290716596
1.188,1.6913148730371148
2.442,3.281439197122971
1.875,2.1769651896213063
2.46,2.324861677211139
1.026,1.3452783906772297
1.167,0.7200360421678056
1.375,1.1713021591461015
1.719,2.828398391493792
1.031,1.3595364253906865
2.391,2.4643643248447162
1.94,2.46592378930098
2.199,2.158812152113427
3.8,3.787067078197346
1.557,1.721559555422182
0.899,0.37720128724472346
0.893,1.8111462671814778
0.55,0.6456735476093911
0.498,0.9728108611643052
1.464,1.6961298196574432
2.78,3.1489783185595996
2.887,3.318175472351328
1.292,2.194042243570955
2.216,2.5693571706616822
0.856,2.8202403874715642
1.604,1.9422794889786985
0.576,0.596676424159277
3.485,2.5494796378551854
1.994,2.729865061806713
0.971,1.6035432505896878
0.581,1.1337721508211942
3.01,2.6526845023326118
0.742,1.4149343210036918
2.494,1.9234382831098742
2.67,2.731965734353942
1.199,1.1891977689066309
0.777,0.38433186818907217
1.434,1.4538255893654863
0.612,0.5795311490468649
2.068,2.4121179656613307
3.282,3.014292256957738
3.606,2.6777809456543125
1.078,1.6915751976261362
0.515,0.46596263507706936
0.675,1.1116191799856807
1.841,1.7156618934128005
2.0,1.7560642606968244
3.54,1.6144711485109937
3.938,2.0030849495469027
1.321,2.1194321377312377
3.065,2.8442901912601144
1.349,1.6127299100147923
3.193,3.0947160160359104
3.039,2.6412898752805916
3.5,1.574149134522834
2.312,2.4453516603988064
1.313,2.3546291642936694
1.208,1.876400130667136
1.352,1.1035212357278823
0.689,1.3768148360124286
4.25,2.6659789175636632
1.605,1.7441132011097125
1.51,2.0860365136656114
3.495,3.913816067017443
0.602,1.0059833403457716
3.964,2.936534631136979
2.785,2.371245339824668
2.393,1.0772732560063645
2.249,2.199141190020441
0.913,1.4050342749991245
1.114,1.485400917091468
1.508,1.7491046585821834
0.647,0.6272095387809458
3.588,2.9211152432455805
2.328,2.482704368935849
0.544,-0.13469451197738636
0.982,0.8755994489490107
2.258,2.129640362593044
1.161,1.9395279366223974
1.964,1.932074160935926
1.232,0.7186887858365978
1.564,2.5195507866791402
1.668,2.120197132062188
2.159,2.131298297822866
1.173,1.6004574752187253
2.432,1.5808879534196691
0.729,1.2988315826528876
1.917,2.362719037404375
0.6,1.5504514442156037
1.954,2.2601126794838606
1.116,2.0091188590032587
2.685,2.225810612889127
2.6,2.556110868589215
0.894,0.9758907002509574
2.352,3.3911179967365257
3.861,2.0599558024080338
1.875,1.5280377755741767
2.234,2.0331305903527053
1.203,1.9518960922388047
1.358,1.0231572629042773
3.074,2.2848204200758246
3.268,2.7621496570645547
0.703,0.36837953430604387
0.682,0.8017644013700789
1.146,0.8790529946634891
1.772,2.683162744129959
0.819,1.303746594956813
0.906,1.7426018777208796
0.568,0.9952695017695987
3.238,2.9894305005625554
2.444,1.0454468399908592
1.443,1.7089817241387166
1.642,1.5120321654411057
2.376,2.905817644502662
2.43,2.5585869211843146
0.833,1.1252879717641378
0.875,2.132042918550745
1.317,1.4706752249154675
0.47,0.4138804893876511
1.953,1.9196602334367938
1.841,2.1744531468841757
1.288,0.5639390065032117
1.182,0.5139303077491988
2.128,1.7389683777605498
1.413,0.6664998987885014
2.271,1.8733056807095707
0.808,2.2652575809684095
2.013,2.0123567739443686
1.833,1.934234106640865
1.55,1.6539518581273498
1.438,2.030939030730927
1.375,2.5667488088968042
2.801,1.8015075313141011
2.459,2.460138756858015
2.436,2.137118341081873
1.03,1.618051732633262
1.038,0.9802477460838332
2.359,1.8288775465861846
1.619,2.303390969933673
3.944,2.341714857840458
1.458,1.2072633707903648
1.848,2.511129347992579
2.423,2.3511873075193606
3.355,2.1610165858593007
1.655,1.4134859178465575
2.048,3.135590733122612
1.597,1.249060677411947
1.691,1.5369841345500959
4.786,2.302700481847907
2.589,2.1437397017809516
3.24,2.444320128553443
1.031,0.5829235908477841
1.381,1.5926050078744254
0.916,1.3093163286020513
2.289,3.008564012366257
1.388,1.4471075726676332
2.522,2.2085298337031034
4.203,3.5119140366606203
2.436,2.8211776081535547
1.421,1.8252167714175016
0.675,0.9487174829301566
0.928,1.8184481280988791
1.908,2.4476330812172478
2.239,2.0341697386673445
1.434,1.8778389581409556
1.327,0.36674516551882164
0.99,1.148354549149623
0.677,0.7702633001716421
2.274,2.8753323358599943
2.286,2.431671682273965
1.358,1.585157404753673
3.621,3.154825381910946
2.813,2.661082187561881
5.00001,5.019110514023609
0.906,1.780745970842652
0.663,1.1835506320632803
1.502,1.3060363228198852
1.703,1.702946816634487
0.993,0.09873187460784294
3.229,2.583758360828
2.132,0.6137914331854617
2.17,2.3129391638301513
2.679,1.9341477410220804
2.063,1.8212340438838055
3.768,2.347315288075528
0.875,0.7850577482249577
3.047,2.3952881293046175
4.602,2.888725273646223
1.285,1.5981375524027044
2.846,3.254286251247791
1.196,1.5255231821464008
2.086,2.218860646086121
1.175,2.3397468683329947
0.669,0.8267334363304641
2.048,1.7920300263632214
0.746,1.2525847057951438
1.091,1.581876699536302
1.143,1.954514277651839
3.083,2.499945122767244
1.13,1.1435543697805528
0.917,0.6343236681613078
1.342,1.5925378124476097
4.25,2.0501005065504145
0.539,0.8164707365154129
3.106,2.280758851902803
2.417,2.3003629501058143
2.268,2.640671734529988
1.008,2.0707747407758674
2.38,2.1536880382866244
2.455,2.021159175354761
1.565,2.340459795869897
1.156,2.571000383645625
0.664,1.0391990189244495
0.588,1.0562574921522057
2.236,2.1590796716303515
1.693,2.2071002098139374
1.667,1.4112135690487264
2.25,2.485266599360706
0.726,0.8031433332991966
1.603,2.040546257556862
1.475,1.4927636854971595
0.912,1.5753090946795325
2.083,1.5030054471720007
3.353,2.3476146907815263
0.58,0.372034103774169
2.265,1.9924292489155206
3.452,3.8450501032449296
1.068,1.302869960039878
5.00001,0.851621804636558
2.75,2.402231138095644
0.958,0.9710580623013669
0.972,1.5768179399528819
1.55,1.4570747817238257
4.0,3.900766357256245
5.00001,1.8764196858179716
3.043,3.0337997132362418
3.592,3.1636069003869807
1.447,1.7232528616297529
3.528,2.342915463660958
3.556,2.8320557170428273
0.991,1.5917338088002069
2.504,2.2932259573477722
1.056,1.3109947448860098
5.00001,3.995830354469099
1.62,1.9611282628417115
2.722,2.878682229049062
2.459,3.2261278284622605
1.833,1.8650210344926634
2.207,2.842246696330861
1.61,2.293026939307431
3.039,3.0467280015563674
2.662,2.264097799932081
0.901,1.2447284670444958
0.875,1.5635383243224155
2.094,1.869795229961305
1.887,1.7937743819464345
1.014,1.6539713924946184
3.875,3.6659270787569227
3.591,2.644397484988943
3.273,1.9789126819376648
2.792,2.4220358812572798
2.336,3.161926992109464
1.635,2.730746256922849
1.242,2.331542479874358
4.5,2.4290719297129257
1.119,1.5816373617180162
0.908,1.5088750042140617
1.206,2.6323206956963077
4.838,3.197528281914387
3.667,2.373505130930802
2.01,1.9919191877255216
3.336,2.7317777996372428
3.625,2.155996874803904
1.701,1.941972802846692
2.467,2.8693047303849255
1.612,1.856198469095709
1.47,1.0052932441178726
1.179,1.861743385820752
1.113,0.827559146819624
2.665,2.644992558363171
1.135,1.6269052647525228
3.291,2.3388286809839514
5.00001,2.9782365120744814
2.365,1.8951123606284455
1.222,1.3179113263133075
0.819,0.33748001174593156
3.864,3.3298830704280746
1.848,2.119622369265869
1.607,2.8068005271001155
1.016,1.1018109842935218
4.24,3.1729379087774703
2.625,2.6571176164540375
3.694,2.15692210611909
1.151,2.2457888737439546
2.817,2.19931846959296
0.981,1.669507263079531
1.311,1.7936318157703326
2.518,2.125859253940689
2.327,2.660666909127393
1.392,1.2034300239786901
0.715,1.2699448396841717
3.405,2.8340967214694004
2.708,2.1889000694046317
1.556,1.601334849890769
0.892,1.015199059741299
1.67,2.478208319853458
1.031,0.8085591618543404
1.805,2.2859201121417314
0.512,1.0783181200603948
2.046,2.3938784419408776
3.872,2.150256575192209
1.625,1.5365604837442675
1.204,1.6049005959705127
1.397,1.32975346039688
0.982,1.1311732718856646
2.694,2.935807016579865
2.691,2.3114468492491724
5.00001,2.800880449339232
0.496,0.7745072530229962
0.58,0.7990198204093417
0.659,0.9111996536823312
1.754,2.320247764203799
3.918,3.4266652399960904
2.808,2.084521715369796
0.907,1.524319435232158
5.00001,5.054819316147068
0.923,1.6391592163838098
2.271,2.755251378591268
1.625,1.5826709224236168
2.909,2.9621490525336043
1.831,1.8930832913244586
2.832,3.272700589735109
1.774,2.7300715609367643
2.387,2.7454095477479683
3.213,2.468645964434046
2.615,2.848900831507059
0.993,1.629547532124775
2.261,2.4964071569759696
0.517,0.5783454983188534
1.569,1.9866985816848626
1.609,2.0158220313709236
2.224,2.2126661922069033
3.052,2.7707894322864846
1.388,1.9998754133842667
2.307,2.8546526998963273
0.943,1.2956481120829295
0.972,1.6129846682578943
3.821,2.7718755358299703
1.932,2.5603472729933614
2.095,1.8603344975753302
2.314,1.915484337911522
0.893,1.856469119589562
1.961,2.202020835570295
1.135,1.1299408600294996
1.784,2.321592277402992
4.065,2.4231521457116187
2.282,2.320416605641263
2.348,2.3431126117990146
2.313,2.0363969992277333
5.00001,3.8037527295870746
1.841,2.0565666675815706
2.137,2.629723305941738
5.00001,4.016239456591684
1.692,1.988123390006706
2.324,2.655079497373414
3.517,3.774673923209967
2.346,2.1190161435070394
1.125,2.1068357635865382
1.452,1.567670208672105
0.872,1.053115389677842
0.535,0.8535018494218676
0.438,1.069594137283886
0.942,0.13075918993079938
2.188,1.3220867692626186
1.919,2.052701712874999
1.322,1.7933335799929182
0.468,1.1344167303501465
1.497,2.4605539259967983
1.263,1.5836028589464846
2.559,2.6646553066886938
0.945,1.413142214196462
2.371,2.400938658709485
5.00001,3.119946683985461
0.875,1.6812043394179312
1.266,1.0634605499622722
2.451,2.616851014742231
1.574,1.969862154682552
0.784,0.8914911767669764
2.181,2.1977810387308168
3.5,2.243259954660978
1.984,1.9233060615246416
1.439,1.6241183326086315
3.379,3.0187883756728766
0.763,1.2902524479438071
1.601,2.295355823506391
1.306,1.6415946963221941
1.125,1.3569338933250066
3.292,2.6972764781242446
2.333,1.8893944859610485
0.992,1.5715563818511242
1.979,1.9708870367384108
2.041,3.0629991510749406
3.5,2.727015613191469
0.621,1.1855923866724822
1.404,1.3466275213119232
1.521,2.286681518450756
1.305,0.18966453955134455
1.951,2.4887976894128983
1.995,2.432545153275804
1.375,1.6865342094626286
2.75,2.119584949434774
1.229,2.24260912772602
1.09,1.5739533508591492
1.217,1.0240848754921785
3.02,3.30328276460191
2.417,1.9591602894581541
1.532,2.2438921492351227
1.693,2.688825378007465
3.585,3.965409236917516
1.75,1.9532778326555373
1.125,1.162408747671499
3.76,3.6389139591467767
1.188,0.7503461880538254
4.01,3.232752783483825
1.079,0.9484426022162182
3.397,2.4569697021708023
1.58,2.1148645278359837
4.688,2.8982340450799953
0.631,0.8080201135338854
1.846,2.188070924468839
1.897,2.3888792508326873
1.909,2.1104265750167244
0.675,1.7203384727761133
0.853,1.316956247657636
1.736,2.2430504381105436
1.297,1.6067240951506534
1.81,2.5697298442688137
5.00001,6.9880951467169865
3.762,3.6356014612061855
2.43,2.7135861867946076
1.482,1.4660009967005578
2.381,2.962907977947822
4.5,2.9712095436981087
2.4,2.700108307466664
5.00001,1.5475304901227176
2.741,2.6158160530102137
1.901,2.6441881127628335
2.684,2.7424184429380176
3.493,2.170701551109218
2.757,2.4745952888424156
1.828,2.0029405150915522
5.00001,5.911645942703444
2.132,2.1587183456953767
1.795,2.412675255992937
1.385,1.363956423096191
1.813,1.4889152834178319
3.405,2.1436199486344236
2.25,1.9459680093835061
0.683,1.0319925001378323
2.379,2.72498806076765
1.497,1.8436816619908427
1.258,1.9241183508752897
0.876,1.7770933288578306
1.25,1.567547095823123
1.688,1.1372574633940928
1.35,2.1601876922018874
0.863,1.344173797005304
0.649,1.0834490122193756
1.063,1.762286177619849
2.857,3.023256129936456
2.724,3.1305758781169857
2.177,2.788429736307741
0.918,1.7935824404657907
1.63,2.038775393639213
1.951,2.160923943790273
0.325,0.8413489893777282
2.753,1.8796068203929082
1.369,1.6656041054004191
1.941,2.26851697002396
2.302,2.202618044865588
1.436,1.358840638676071
0.396,0.7401181344407775
0.598,0.37659938303799123
2.107,2.4526215139756786
1.563,0.8940439631882313
2.156,2.2647425439294366
1.775,1.7330495132026513
2.189,2.1123924499436697
1.284,1.8408818569304302
1.906,1.731035137018715
3.983,2.5164671364313023
3.671,1.6278709763620967
1.225,1.8757294085568574
3.761,1.5999728210307964
1.576,1.6409282946182628
1.781,1.4769013643161273
0.724,0.7451213438378304
2.876,2.6785719638456555
1.75,1.701824660824542
2.808,2.0455587727242914
1.605,2.1285740906373505
1.586,1.8787137507476572
1.443,1.5287606814481123
1.363,1.8457089063594125
2.182,2.5343711042509867
4.664,3.277945778245332
3.861,4.5484197718689785
2.512,1.8791907394093883
1.904,1.7639029054437572
2.231,2.3545017506410844
3.61,2.410707172059851
2.75,0.7189039302936422
0.708,1.0959868880656742
4.6,2.375765505055952
0.675,1.023305756422566
2.25,1.0772946837484412
1.761,2.057235936510999
0.524,0.6682838532723281
1.676,2.4392207039160354
0.997,1.3366797058716315
0.889,1.502613204082202
2.237,2.3341178917060716
1.805,2.144487751291095
0.932,1.5808861789515163
1.738,1.71228191375031
4.908,3.874792465330259
1.042,1.4819353256653969
2.761,2.2688468363533474
2.547,2.5064725093340243
2.123,2.7611409970623555
0.875,1.5842541111354649
0.942,1.4825699372249659
1.635,2.5848652387091633
5.00001,2.3984022559810256
1.25,1.6822311215060637
1.823,1.9169056753532274
1.117,1.4463728599870507
1.46,1.6682090296993977
5.00001,4.015481947402698
3.205,2.838130713670978
0.48,1.0121813362299292
1.688,2.956424618119989
0.675,0.4486004984113663
1.731,1.5838343039261105
1.5,1.1907226218917586
3.292,2.8225025745566725
1.41,1.753679048654341
3.78,3.3055116899262273
0.802,0.47740051746821877
2.033,1.949976118124063
3.949,4.03032843795345
0.845,1.1891416880570063
3.273,2.00425244843116
2.012,2.01023265151224
1.625,2.444805835285784
2.66,3.0966581997192293
2.212,2.602802517987122
1.765,2.1274547282948078
2.063,2.2655416267292594
5.00001,3.065707573000182
1.867,2.016141487665365
1.125,2.568677743965928
0.905,1.1958855707686453
1.908,2.172861896029353
1.988,1.5544421724535553
1.656,1.9246751099249266
5.00001,3.962118101628157
1.457,2.239508828954868
0.913,1.2382635177054695
1.404,1.9784609174483023
1.917,1.9340797822447087
0.611,0.7628629092075485
1.53,1.5856430609783558
0.855,1.3651653742454144
1.645,0.9988116987173399
3.862,3.559326815871742
3.413,3.25879472506395
2.464,2.3362821523956256
1.218,1.7145756904405474
1.325,2.00460059364012
0.98,1.7102040788361208
2.414,2.2902392277507744
1.713,2.512570800775869
1.201,1.355493650127137
5.00001,6.730427123280343
1.927,1.6439892384651174
2.328,2.204084029771863
1.918,2.190384165148245
1.963,2.439556227271268
2.939,2.9521026213654196
0.846,1.7111947022583465
5.00001,4.0601692093309865
5.00001,3.815333375198371
1.073,2.1431857669810626
1.5,2.4518293234312694
2.042,2.3623298811001447
2.683,3.272305300308439
1.035,0.6631800309814011
1.615,1.7718194839695798
2.224,2.0921361457313097
1.669,1.6561188650888852
2.292,2.2666778290273655
2.059,1.7433891417143883
0.955,0.5256021229157213
1.625,2.56667050267059
2.407,2.3758164252529212
0.828,1.4062490916140078
2.302,1.3510388059527045
1.859,1.7177411494337562
1.058,1.314916061148942
1.188,1.415521787597605
1.944,2.256157143428773
1.833,2.1158222281439762
2.925,2.0699809636525615
1.442,1.79833869519544
5.00001,2.4269075862261857
1.342,2.1977548950842376
0.528,0.733525271217637
1.887,2.1522063943695287
2.04,2.256461733215005
1.795,2.009289104727607
0.989,1.1588254470457784
2.799,2.2454044001537383
3.277,2.643900974376301
2.08,1.7069186162180259
2.083,2.4879254412256486
1.125,3.5948829492799206
2.347,3.0724514601720117
2.145,2.241239781066575
3.385,3.147091816562053
5.00001,7.087367294146418
2.841,2.453655077119741
5.00001,3.978487095310747
1.813,1.5697725257291495
1.25,1.71410051767311
4.125,1.936210636663695
1.125,0.9127553926935903
0.903,-0.225923015318358
0.96,1.8925513534116973
1.425,1.8810909372308586
2.663,2.6761746352922913
1.65,1.6951928858794076
1.18,1.7231833915977077
1.564,2.3887759932125263
4.268,4.252422077473547
3.086,2.551983376235164
2.392,0.9537426991924889
1.094,1.788849480184922
0.666,0.8539208388917103
3.685,3.1016509711867855
3.305,3.4201768500957783
2.736,2.6652447267948247
5.00001,4.7326210574693235
3.211,3.268168843859499
2.426,1.7461355695415577
2.319,2.5010742268030626
1.514,2.516690185271841
2.278,2.4256857126389235
3.8,3.284182675363027
0.952,1.9510255096077955
1.939,2.089688787644782
2.607,2.405102563234628
1.91,1.58021560516368
0.649,1.1117470121654947
1.283,1.9184456212639063
1.898,2.313744742381246
1.833,1.844025100669711
1.518,0.2934277693895666
2.573,2.0166514695723308
1.375,-0.07751799054690167
1.25,1.0407932819833619
2.181,2.151609329528476
1.681,2.288678993261577
2.318,1.5884466409106182
1.49,1.9338041385147804
1.703,2.3213272725828915
3.913,2.800224314033308
2.823,2.492572379969616
5.00001,3.726423194398137
1.354,0.9451500633830037
3.284,2.498888489536995
3.5,1.7545682699017604
1.823,2.0747511256839672
5.00001,5.516621073982492
1.92,1.6451157110910941
2.408,2.725061792955046
1.75,2.2910685252888072
1.264,1.5723688217029732
1.259,1.6026203888401795
1.947,2.4115387517741453
3.418,3.3830952248884927
2.119,1.7698698549801577
1.375,0.12754348119792525
2.706,2.1340245630888077
1.723,2.006097448677856
2.621,1.8931827738862879
1.491,1.7369210824586645
3.391,2.5496620056700223
2.486,2.432394173683271
1.287,2.25033572880983
3.439,2.3988380464091748
1.75,1.7326116790696844
2.875,2.0696075122768747
1.436,2.3304262773263815
3.462,2.7334673785245656
2.322,2.9863100628991575
2.0,2.324405473880944
2.415,2.3402128074611
0.675,0.8569663117491331
1.917,0.9477995577749354
1.783,2.2131678212011963
1.782,2.3932258494092835
1.332,1.6110334733892984
2.738,2.727387341220947
1.522,1.7855331676125417
1.871,2.2060011867106724
1.375,1.1078853184386048
1.104,1.4375789119685152
2.406,1.6730403745530893
1.625,1.727234071866853
0.838,0.8485685968809875
2.656,2.758514681771473
2.115,2.5632644419006994
1.734,2.3701223870925503
3.1,1.262420584703051
0.995,1.7414747666295654
1.914,2.311609783175065
2.201,1.9587387244863734
1.673,2.316056028717888
0.65,1.0730809365497223
1.418,2.30485721171177
2.906,2.177122107867966
3.192,2.458015536854923
1.188,1.4996259252567725
2.0,1.7003346937652566
2.195,1.8508998147844693
2.894,3.150597788101308
1.164,1.6910037702652119
1.623,2.2204881896558604
1.141,1.2507979788694215
0.713,1.24007035285684
1.905,2.3298943780305876
1.973,2.3592531563934003
0.722,0.5892401769558617
1.033,2.0597924062412503
1.43,1.5910956104594476
2.449,2.0816219304961194
5.00001,3.529753979610838
1.833,1.7645616407977656
0.861,1.9682498670548938
2.184,2.5244364226126805
1.108,1.3580446403870994
2.113,1.9828827250446324
3.388,3.156937961577391
1.231,0.8502841446226199
2.695,1.1787851031830598
3.214,1.9882925281003452
0.819,1.1639355613033402
5.00001,4.694533491428707
3.046,2.6713308441585824
0.729,1.0142191286697155
1.58,1.9678093242859163
0.622,1.1560443858454263
1.163,-0.5436108742485857
3.141,1.517557763429771
3.625,2.7807562090198985
5.00001,3.8923621023413304
0.741,1.6794842452199745
1.5,1.8144969229012275
2.7,2.9067809977292853
1.208,1.3412263238154978
2.5,2.890427153701822
0.722,1.3256301721812775
3.75,2.3755702267416225
2.396,2.7833836013760873
1.833,2.173481970757045
1.612,2.4685972120574107
2.51,2.391173727541535
0.455,1.1455951311538115
1.781,2.0241442895775137
2.589,2.7576047738003666
1.458,2.10702979162447
0.847,0.30610800916384306
2.167,1.7694257882559654
1.304,1.0787887734009374
1.585,1.6277989909934263
1.178,0.8705968363709289
2.15,2.3753439976480806
2.686,2.614977983304236
1.0,1.1683004517975277
3.327,3.9792919065703103
1.867,1.7369335234747254
0.53,1.0551642214714292
1.497,2.13451865410601
3.458,2.6050787153467994
1.245,1.2470256883483017
4.758,5.03147042089892
5.00001,3.2969370672894556
5.00001,5.696450769972621
1.759,2.291006607606839
1.833,2.406572668933258
2.531,2.9378824168240385
1.178,1.782030403761489
1.435,1.7751448511284025
5.00001,2.933279148132918
1.423,0.615666031699746
1.21,1.8833914344883453
2.688,2.4045714697410787
3.302,2.9011072827019646
1.218,1.8086860048470896
4.169,2.9406295927695396
2.667,3.0977110630932145
1.894,1.8730051332288369
4.436,3.0050517809920407
1.63,1.6466809083786345
3.825,2.982223416349008
1.063,1.5652634014431541
0.578,-0.017063731614314293
0.575,-0.26111958530955803
2.38,2.189592396907962
2.189,2.588289616567934
1.186,1.5234297598003366
3.091,2.905649086702745
2.132,2.305406486353533
1.802,1.8824192844820402
4.708,2.880871024225641
3.372,1.237543263296665
0.953,1.247683370173739
1.039,1.7049093698902524
5.00001,2.411818003557862
2.15,2.0501370053557224
1.894,2.16973173124164
1.714,1.796082010812782
3.57,2.6207872332915514
1.962,2.3488361559535207
0.985,1.4024564554650993
1.788,1.9976965758679128
2.266,2.3769415029559653
1.714,1.9200032211714486
2.714,2.021548347432642
2.168,2.5630942884868375
0.679,1.68774010622149
1.713,1.7569341863273564
1.109,1.5966555994507203
3.325,2.680839287876317
1.5,1.5593266013384621
1.734,2.5765096000753047
2.375,2.9186649713376696
0.658,1.50581725740372
1.731,2.343278141497059
3.212,2.4877781898839757
2.65,2.3620688292005454
0.875,0.3957385805020621
2.103,2.6763654363398857
2.478,2.378717184130153
3.757,3.28061209227851
1.137,0.6306326312873551
5.00001,3.80907567022048
0.456,0.8785294486292443
1.306,0.9609536859014156
1.986,2.0897129488790256
4.367,2.6041902077447006
0.926,1.3380124365231723
1.5,1.699891589049237
3.599,2.8131074433662278
5.00001,4.904656457007235
0.938,1.4588930243935962
3.833,3.3528793752936465
1.917,1.7468819429967084
2.672,2.7962247025767155
2.802,2.281876648440729
0.521,0.8521304318810436
1.102,0.7449091505428811
1.646,1.386718630973597
3.248,3.393863811253759
1.227,1.615624067943827
2.167,1.9344171002348602
0.736,1.5917780341525898
2.541,2.3786939126321585
1.875,1.6801644861268983
1.66,2.6732182307954915
1.579,2.031031180394905
1.938,1.9805386438235288
1.408,1.4133668882345631
0.953,0.9286675583928883
2.27,3.0112468678184143
2.656,2.6067648232147604
0.902,2.011687599571836
1.832,1.8315318083838932
1.846,1.896554003215634
1.625,1.7330766186461375
1.25,1.2314599305696987
0.972,1.528924998262454
3.553,2.019271799016039
1.362,1.7880947227947672
1.25,1.7299800637350913
3.056,3.209125623354957
1.766,1.6864738199085778
3.486,2.8401993786047868
2.992,2.65213390581431
0.721,1.3926412401355677
1.095,2.02580448761222
2.811,2.2387441289225976
1.563,1.696972995465181
2.342,2.349805468304531
0.597,1.2809950047476448
2.5,2.8079713937078807
2.033,1.6765317516806775
1.731,1.7981651767397935
3.003,2.764608824897003
2.38,2.199405033981236
1.79,2.0746596683371266
1.66,2.4661113157132704
1.607,2.1095735537190308
1.475,1.5393551581461153
1.921,1.6927743714614394
0.564,0.6779103716579797
3.048,2.2706375679809554
4.398,3.26604607954296
1.375,1.5863189761220156
1.375,1.4733893357115235
1.346,1.6043411972909851
2.625,2.557605965073485
0.834,1.1841273199874465
1.135,0.9300046652104754
0.714,1.550019157890361
2.045,2.3145498409162357
2.824,3.014417900155948
1.457,2.035039362049133
2.647,3.1413838748197094
2.75,1.8181188536248172
1.716,1.7091306364831382
2.167,1.5783427207201228
1.807,1.8904907121542536
2.125,0.008425388752478113
1.677,1.9861320910321965
0.425,0.9699158555033804
2.384,2.083981326433353
1.44,0.5391739592885045
0.436,0.9313226156792851
3.635,2.4625995123342292
1.862,2.272094354365059
0.675,0.6247752447214125
1.596,2.6131432906996324
1.956,1.652231744876694
1.548,2.104106086102064
4.507,3.951385682219467
0.699,0.9062366252231726
1.322,1.7756727123761138
3.28,3.621348270244191
2.728,2.7374436808402933
0.663,1.0066718395287708
1.293,1.404095729234939
0.771,0.6460963296953608
1.555,1.8226401315919603
1.26,1.5794506370038732
2.403,1.9821287867225337
1.33,1.468698636183646
0.949,1.1487123437154025
2.039,2.1653157408143002
0.61,0.6622204582127509
1.392,1.625788906283539
2.292,1.632330359323845
2.606,2.992551433374956
2.511,1.9410435570807607
3.276,2.7005311389027398
1.679,2.3984103497424485
2.12,2.190026027499009
2.333,2.347731251449787
2.554,2.710437438157861
0.675,1.2817313962595378
1.62,2.1242845266746073
1.172,1.8482386921363272
1.097,0.6814243042852084
2.75,1.2412173236823278
1.118,0.448866449448424
1.66,2.1727295442948957
0.927,0.9596133334679138
1.86,2.590880905710506
0.973,1.48242525337821
2.413,2.9157653407623343
2.585,2.837959116167468
1.382,2.177108782405462
1.961,2.6190762883011587
4.192,4.2553224890819195
1.388,2.060168834816899
3.766,3.2953540920948328
1.651,2.39542598817561
1.818,1.539163553530443
2.118,2.0297808659769814
1.125,2.1075180760231476
1.443,2.0445207058059935
2.22,2.563572080195506
0.536,0.4696656607042726
1.308,2.2343152458559814
2.276,2.5928591635205365
2.75,2.4636448260223247
1.919,2.008524193810061
0.641,1.117561892170123
0.681,1.1601829315175607
2.552,2.350702563046788
2.441,2.943302376994957
3.37,2.3353635157185764
2.083,1.2538284669567759
5.00001,4.204484555757823
1.721,1.7956688282225883
1.289,0.939269693877236
1.449,1.5421738647805796
0.72,0.6015753467015301
1.429,1.9255694328779143
4.361,2.7561588767764533
2.042,1.9678656044282477
1.957,2.6371825971470386
0.905,1.1519088668536455
2.361,1.636397145814449
1.869,1.8576387745538838
1.625,1.7531695701677918
1.125,1.406299502282657
0.58,1.2788564943125564
3.074,3.290449765162869
3.538,2.692602605198836
2.909,2.666755773057929
3.586,2.7547450409876717
2.462,2.3043032323158457
0.721,1.5933260703130188
1.075,1.635780136779907
0.786,1.1378962306327196
1.876,2.5287880627657557
0.979,0.8583679108908555
1.866,2.2119775266213253
1.969,1.842381586156975
1.115,1.312706787548649
1.563,2.3575219907128826
2.182,2.76043769825219
2.935,4.2167653738052095
0.59,1.4503296881995524
1.628,1.6904148125565186
1.029,1.378310735128231
0.543,0.9608393045898396
1.663,1.6598532550488514
1.525,1.6286254076269557
1.426,1.8000408231510932
1.5,1.7424655578586652
0.844,0.9808767378675398
2.1,1.4666350405122515
1.375,1.7020903757398216
3.5,2.4509823827459556
1.719,0.5649157615461107
1.431,1.8656858403325174
4.523,3.0866675038480196
1.76,2.050871603850844
1.127,1.3394445281969567
0.684,1.207251973535712
1.907,2.19342318501986
3.318,3.9056192185243717
1.84,2.2503716473341555
1.625,1.0829357927512007
1.294,2.053296375974753
1.728,2.039718896844235
1.911,2.19600236906588
2.949,3.100505330188348
1.886,2.1173500883048106
0.638,0.8128447779305148
4.661,4.0686554143224996
1.868,2.0668128899113825
1.393,2.122744032924956
3.303,2.3232319948457487
2.848,2.6593292559054476
1.988,2.142152991188645
0.693,0.8346553025585237
1.455,1.6352747816590778
1.662,2.148394798220181
2.738,2.4124951645082646
1.49,1.5559446774317607
2.154,2.7808547727194792
2.878,3.1612244489330905
4.063,2.842396924974466
1.603,1.8653051568780228
2.4,2.7344615750994876
0.609,1.2695614773852029
1.423,1.7584006725687047
0.848,0.8969650722151599
2.054,2.670840074848897
3.968,2.559769985104566
1.354,1.5587688756832279
1.154,1.798041556582902
1.625,2.120432067850942
4.25,1.8868276450004302
1.143,1.453236644925461
5.00001,5.3952657708421725
5.00001,3.894590230683832
0.487,0.7647076071729657
2.947,2.723655071248686
3.005,1.9902197768916636
3.432,2.1502162350319765
0.92,1.414409971309091
2.781,2.920710469995079
3.809,3.3393443698101706
3.398,2.2174978508435643
0.968,1.4695709780902604
2.7,1.8484305959307008
1.9,2.39096369738602
1.813,1.6625346059433426
1.006,1.5393406374127139
1.708,1.44223198672168
1.527,1.9078102368782197
3.536,2.302714534023103
2.0,1.4893056338402175
2.134,2.3475629587501388
1.531,2.0279849014252065
3.797,2.2246346273223594
2.75,2.1384641479133464
0.786,2.0748809346018646
1.883,2.711264729855067
1.38,1.8213229265829867
5.00001,4.353204717331195
1.974,1.8817888312009643
2.446,2.4876614974431632
1.653,2.462560156992815
3.004,3.0440944901773506
0.882,1.2981766852551573
5.00001,4.918301284444119
1.631,1.8039574010101944
1.919,2.673128835672564
3.553,3.2087617148836713
4.303,3.017000055139185
0.427,0.7255521375396086
3.781,3.3508580379171278
2.64,2.1861114547250153
1.119,2.373759375564113
2.245,2.214932664658022
1.25,2.022339465867482
0.641,0.046917123606277755
0.884,0.7113679344758737
3.892,2.4811028629013734
1.938,0.7426934831461196
5.00001,2.383560830847564
1.875,4.2724318270646435
2.103,2.4465220190284356
2.128,2.310833850188075
1.775,1.6364125711941213
1.813,1.0589599692907754
1.595,2.1581717407958436
1.775,2.043016039325039
1.161,1.3034971345681683
5.00001,2.677067672241215
1.625,1.6052052123680909
1.355,1.834326651792928
0.996,1.8904779470727888
1.185,1.5751439678958121
1.569,1.3250372050923431
1.472,1.7678563091397095
0.858,0.7896619081444669
5.00001,2.128359595952894
1.709,1.6388541163053887
2.579,3.185366325863079
1.643,2.123086985554238
4.389,2.396287555465875
0.98,1.5669161378192555
2.887,2.953704317908212
2.032,2.2009558776146463
2.836,2.3964528699839605
1.625,2.2436269959266824
0.953,1.6711629223743927
1.617,2.1001827427606514
1.875,1.7531363033460607
1.58,1.655803670591986
4.561,2.783447260238084
1.029,1.8007913913021554
1.654,2.2044589395525023
0.544,0.7000048045247667
1.472,1.6700619157886294
0.95,1.460354391692249
1.43,2.0128493946022203
0.972,1.018824826236127
1.129,1.417930081730205
1.733,2.1484062028993947
3.931,3.1583570421702447
0.63,0.6003698523151542
2.973,2.755126994634388
2.421,1.9360668023120766
2.939,3.103660320210949
1.131,1.6964159562510872
1.372,1.5631822147758854
2.971,1.789971706980893
2.435,2.563525862447321
0.988,0.27454452416944264
2.448,2.516985437018782
3.278,2.7314925289457364
4.375,2.837914578325936
1.635,1.8287128514026136
1.024,2.0353206762425273
1.122,1.3963593870881965
1.659,2.7332727518370987
2.5,2.2870631861210384
1.581,1.9786649159766583
0.875,0.5166574432609821
1.35,1.57990713478344
0.795,1.0399781592692463
1.621,1.2192913171883148
2.284,1.6893259166977828
1.406,1.602604571080363
0.713,1.3759974472729155
2.663,2.813790631764931
0.813,0.5208580240837151
1.85,2.5544366430413206
3.293,3.7559624564206686
1.688,1.6303954995864345
1.104,2.172807138401133
5.00001,2.541368810317522
0.857,1.299673222597903
0.633,0.5642937583533225
5.00001,4.95451775520678
1.838,1.6427555192238685
1.507,1.59111150163546
2.429,2.7986271593611036
3.267,2.951937685665925
2.204,2.2146095943071415
2.407,2.604622104156192
5.00001,5.638317811293987
0.984,1.573747887441293
1.669,1.9223483109063793
2.054,2.6288912929588406
0.901,1.209777158138813
1.898,1.8285899853185654
1.625,-0.01043073872966005
3.337,2.1049027397005062
0.851,1.4533097664706887
1.344,1.4626043849097883
1.446,1.7704777763359374
2.15,1.794024962709699
0.975,1.7709437909168315
2.1,2.2439765656438624
3.12,3.2115482800918826
3.0,2.280165289325055
2.024,2.3972890929195643
2.541,3.2344300255069456
1.16,1.5439288483996165
1.67,1.6928149130677426
3.969,3.283206702348558
2.27,1.7127478451880194
5.00001,2.811785101219627
5.00001,4.712246778234309
1.99,1.783980516845908
3.691,3.6259126127277597
0.225,1.417831427226588
0.957,1.2451833032848967
3.659,4.053634153907737
2.158,2.2870849230633823
2.055,1.923871675077912
5.00001,3.3477503168259446
2.508,2.136438667755513
3.636,3.592948116529186
2.942,2.763466676804505
1.714,1.5790959691912434
2.613,2.659821529639167
1.149,1.2142531806367955
2.584,2.202616014060254
1.063,1.2348068607542189
0.989,1.441439829452115
2.42,2.335103203535418
1.461,1.6576639531803252
1.546,2.059567570616828
1.975,1.7027034291303806
2.896,2.7278202300843333
3.257,2.3302486598323
0.533,1.0396576083530746
0.878,1.2387340971820109
1.783,1.6521168117295346
1.971,2.617799160247692
1.234,1.8992516600634417
2.929,2.7632038138818302
1.098,1.8382960325551068
1.242,2.1584101676860215
0.573,1.1083567715099178
4.047,3.269599545095275
1.875,1.8196353911684753
0.637,0.5783521167374843
1.012,1.6356807783859821
5.0,3.17427209679893
0.455,0.42129677822155287
4.635,3.131821672461946
1.813,2.7010587523184952
3.074,2.0041370899720476
3.718,4.271496950791878
0.56,1.2751708735251839
2.893,2.269718042342518
1.282,1.5207018935050414
2.714,2.6073969295477326
1.821,2.542523436560188
2.194,2.904573860277061
0.784,1.2055366426534349
0.961,0.9628100814992635
3.947,3.4809716212266153
2.225,2.6103760543987917
0.875,1.2265479827454087
1.375,2.1162114375936625
2.461,2.0130329913751623
1.757,2.254600086467626
1.641,1.801211904166479
1.328,1.6312315616885869
1.292,0.9962622879101559
2.241,2.125398060643221
1.039,1.1292514274465404
1.128,0.9875878414139763
2.438,1.6490520602156806
0.886,1.1077565849703248
1.861,2.862913113803465
1.861,0.9287916424617322
1.609,1.5011198316756094
1.492,1.5071357953016573
0.764,0.20671788331429042
5.00001,3.166602804458428
0.956,0.990881314672194
2.375,2.4022768675717856
4.183,3.304853130492475
1.975,2.4128303819580097
0.664,0.713514753888596
2.69,3.428904000875555
2.19,2.085501451878706
1.569,2.0111852957130836
1.342,2.1623841985708694
2.042,1.9074168749225677
2.188,2.289840236723151
1.818,2.494013612290118
1.685,1.999320105910968
2.992,2.3871024494796274
1.66,1.527885707781678
1.935,1.9387446759289375
2.125,1.7384775307848699
3.862,2.5667506365139374
2.684,2.1573009327763444
1.281,2.062838459878357
2.712,3.0380010599817524
0.884,1.4760411932413646
1.015,1.0678711748381247
4.955,2.8218775556403983
1.673,1.300825554958685
1.413,0.4275260162509795
5.00001,4.95059059511491
3.213,3.202299784631812
0.821,0.9308219394685082
0.929,1.3974530787985557
1.68,2.0605634573469374
1.35,1.7708808266338991
2.431,2.207421293319115
1.571,2.149948527330743
0.979,0.43834042850459554
1.777,2.185920220744606
1.318,1.3232087473832124
2.688,2.2302162997615156
3.143,1.6913872564507741
1.836,2.451235731387584
1.0,0.6611770568161788
2.322,2.618246748611355
1.381,1.6983622731819707
1.625,1.638272933761101
4.573,2.8561939828736698
1.392,1.8300719966126593
2.445,2.2916162733561194
0.616,1.0010999672936904
2.37,2.025010999334775
1.125,0.8948644177461631
1.223,1.1162753940554566
5.00001,2.6203797133746534
1.101,1.0293372893526254
3.009,2.9800871962023834
1.675,1.4421722717746661
2.464,2.2620686877721994
2.793,3.671589258268945
4.14,2.360628252512633
0.587,0.9278336130119982
2.949,3.299214889920634
3.652,2.742081650955754
3.683,3.5652418292931145
2.392,1.6634472764837795
1.214,1.9198003855741135
2.15,2.3848507862048223
1.139,1.950181877647701
2.364,2.1865604517412294
1.717,1.88844872014932
2.485,2.5831770456882595
0.582,0.4180749329861726
0.678,0.31328213291957496
0.757,1.1519659997824547
1.78,2.021265910300798
0.604,0.379609398692061
2.261,2.876680989719695
1.795,2.336102973681257
1.582,2.9617993826774978
2.786,2.4752206879273047
4.808,3.2859272295470774
1.923,1.4507552132763806
1.417,1.4279245232728428
3.308,2.9736503846244275
1.0,1.5186753057537459
1.032,1.6897447927510072
0.535,0.7944712545338817
1.857,1.7143154389381294
1.929,1.6965744441893378
2.56,2.872461994007651
1.385,1.5228212126697613
0.696,0.8227999673650359
2.468,2.470569937494041
2.659,3.0074368697911495
1.625,1.1738140348459254
3.227,2.822146906817977
1.489,2.4950184623583596
4.29,3.6458149849469095
5.00001,4.098583078430956
2.541,2.4605651943062767
3.281,2.3976714824024796
1.691,2.0116421005223515
2.554,2.6056335343669588
0.764,0.9623017607755102
1.514,2.6180298366984047
3.111,2.7950849843784837
1.875,1.987580997289271
2.132,1.9799782546790397
2.083,1.7292117913055378
2.028,2.8462619688622652
0.901,1.5476593281955573
0.924,1.0532173356993013
1.365,0.1635803278522303
0.922,0.18756173705653367
0.794,0.4985551954739762
0.955,1.340933626024622
2.492,2.3976269490822233
1.117,1.9528177876893267
1.906,1.6091697727278031
1.918,2.554352748479424
5.00001,3.0150879260070624
0.508,1.8283064366295463
1.635,1.397933111415142
3.689,2.8312385363726307
0.57,0.5093150946135339
0.75,1.2219656532227745
2.29,2.485734460948777
3.409,2.9073872463176613
2.766,2.515552886016259
1.884,2.00712019028186
0.739,0.9775467559504918
1.5,2.205998945878541
1.471,1.8805835439931116
1.863,1.6046017434110595
2.349,2.748549428477787
1.225,1.375734607886308
3.989,2.8849023068467616
2.5,3.392797401311377
1.136,1.640034391810289
2.448,2.6349629456764845
2.25,1.4849435042198067
1.869,2.871682376611979
3.097,3.270054843385047
1.306,1.4667324021000852
3.423,2.8640173342247763
0.65,1.071315218222047
2.789,1.906358400625642
1.688,1.0565151202737795
4.184,3.286110581715313
1.09,1.7205290925166992
1.601,1.707483189444595
3.45,3.024853020014824
4.188,2.828396540720199
2.091,2.029751940023772
0.975,0.5204294955331292
5.00001,4.41348626165567
1.086,0.7537723960192224
1.333,1.8730588251221434
0.509,0.8805065791260915
3.116,2.8814713371127354
3.655,3.169138028427156
1.75,1.645406285452374
1.703,1.4938504995004251
2.795,2.716148744518179
1.259,1.6220435938650368
1.557,2.098148612403122
0.833,1.4944460610832664
1.563,2.875281744661791
2.148,2.702793823572975
1.103,1.2061251438672045
1.65,1.7418823126262026
3.495,2.771108507965394
5.00001,7.260292632322454
1.257,0.6386404806815378
1.931,2.3743183934908103
5.00001,5.359252307153547
1.996,2.2668439424623514
5.00001,2.444723469681385
1.634,2.1552491557183586
1.375,1.1705855693161382
1.215,1.8180181845803034
3.812,2.678469843782551
1.119,2.09223107003767
0.58,0.49655712121769113
0.638,1.3052701403750504
3.632,2.7299635039519714
2.064,2.228123938426428
3.708,2.096381771375782
0.818,0.8211114861967062
2.715,2.4226981090053457
1.97,2.6950372346838094
0.734,1.0185146425379514
3.017,2.046018280205658
1.196,1.9458281667703687
2.581,2.8295229574367013
0.175,1.908290874442642
1.457,2.041198340895569
1.02,1.8224964418183518
4.0,2.8209785783273773
0.992,1.4042076632399585
4.854,3.6681701044237087
4.771,4.224088417697224
0.669,1.130398604018879
3.754,4.0170669851438205
1.696,2.659082846839958
2.476,2.7877066574980987
1.647,1.766150047904432
3.094,2.150209149989969
1.853,2.427797711843546
2.302,2.8197637963179787
1.561,1.723161267755863
3.025,3.1445058987125023
0.978,0.8014263118080649
2.513,2.4229168384035162
2.813,2.4644725518759003
1.531,1.4943747455046932
3.556,2.8538847519741353
1.013,1.4303581471710274
2.66,2.3851377335448234
1.607,1.7033816440159413
3.058,1.9813150386830856
1.475,1.2399103753398109
1.863,2.048267037826271
1.626,1.9694339252900548
4.847,3.369512214389964
1.75,2.0779110466025372
1.272,1.558090965153518
3.651,2.6537167110532422
2.365,1.3041520057928224
2.14,2.4941246351341064
2.258,2.9595543594594105
1.289,1.7397730071783997
0.735,2.2276426959038034
1.147,2.3311020859413034
1.75,2.052146887914269
3.181,1.9357364208069185
3.312,2.4923061509998305
1.925,2.1141853941920914
1.595,1.2322362926432575
1.627,2.308353238799107
0.673,1.3358714635255424
2.129,1.6106557465716378
1.406,1.7498258391840409
1.865,1.8271844269327957
3.932,3.6061377923620057
0.553,1.1387991385002607
4.098,2.8047202807336404
1.918,1.9301397391992765
0.995,1.584449787206431
1.75,1.3671759936215082
1.58,1.785323750722604
1.069,1.6502781241209519
2.772,2.2657100366174348
3.267,2.3709904154097075
0.96,0.9594059557065862
4.318,4.243048341030388
1.722,1.9559219990221877
1.125,1.183798165686028
2.25,2.206037890281202
2.595,2.7521239163248055
2.915,2.7449307605808713
0.504,0.709998614030205
1.5,2.679073393016033
2.246,2.515089892887609
1.306,1.8547093465730882
0.697,1.290996480810712
3.53,3.034262462603671
2.312,2.946002355353741
2.051,2.070498574784125
3.981,3.1166298162411934
1.413,2.1061680941355547
1.733,1.939435745515155
1.279,0.8957037445005795
2.895,2.09562592894963
0.959,1.3016847479183582
1.334,1.7121644019702487
1.468,2.1951545229225715
1.813,1.8219750887908432
0.546,0.7117115997595462
0.555,0.8292496493541748
1.5,2.0783529068542066
1.028,0.8081557537636286
0.933,1.1589999520587781
1.231,1.8565391272759086
2.318,1.32495828939944
1.595,1.9513914905438696
1.083,-0.13653707171387452
0.431,0.7411023876362606
1.056,1.1364799870124997
1.683,1.7708942455385497
0.283,2.269280897180245
2.829,2.809614629781933
2.343,2.6125052711991756
2.125,1.4756609651311052
2.056,1.8153907413797228
1.5,2.0064838268481537
1.93,2.1915023588820475
0.14999,2.5849928116139154
1.7,1.5802041319226205
1.683,2.282292406158902
0.935,1.7107103221750535
1.918,1.97377182743395
1.815,2.3883780419659146
1.954,2.667513438562615
1.219,1.77990582414197
1.426,1.9801228231056527
1.583,2.059927419326911
1.653,1.6578508634834535
1.55,1.812086786149628
0.921,1.3657075672072025
0.681,0.7671734983690826
2.763,2.5780778975128342
3.352,3.932587061476255
1.211,1.2101502664004968
1.771,1.3921663237947328
1.875,1.5913659128078805
1.92,2.097901454393643
3.012,2.809520226747189
1.591,1.7751757199963336
5.00001,5.967509164858662
2.737,2.5802666596712953
2.339,2.775272028251507
5.00001,2.248700438516643
2.228,2.7807787768152252
1.402,1.3564209857350278
1.598,1.691890042362438
1.188,1.6535178486029736
5.00001,2.4948296194459374
1.055,1.4726770838470884
2.178,1.9680986938250342
1.875,1.6486836898732662
2.873,3.3753868383601784
1.31,1.9504754476977197
0.558,0.5091128553960687
1.619,2.3642592762747086
2.536,1.5859249701271807
1.55,1.9134159111530522
3.115,3.0695407702321234
0.878,0.0486615880795469
1.058,1.869924020924877
1.37,1.7298193094576817
1.563,1.7281559916022573
1.547,2.0675021641085465
1.674,1.142322324577897
4.578,2.8275866612655136
5.00001,2.9229337939539235
1.883,2.9897230441955074
4.429,2.2882197731015737
5.00001,4.854744645950916
5.00001,3.4314125371898214
1.875,1.8724727344030185
0.574,0.745555828495668
3.875,2.7125393687741095
2.72,3.061780580932407
1.676,1.703851973704495
4.037,2.7729478669998002
1.917,1.5202179289013458
5.00001,2.155623179698509
1.871,2.2743984958885477
0.964,1.7041902804184446
0.924,0.7103771776446735
2.139,2.3887812979298886
1.55,2.388415566303216
1.33,1.799726071621329
2.75,1.142117587437994
2.385,2.191323608594722
1.583,1.6542953758168935
0.705,1.1911224232803477
2.223,2.246284731426215
4.119,3.2900597567802308
1.851,1.7355584347093824
5.00001,2.459111467826183
1.398,1.6731859158879558
1.781,2.344349212465154
1.593,2.0371806665358605
1.25,1.6887634805286424
1.971,2.8007643411635286
0.64,0.8702697050929018
1.946,1.9475045171936003
1.625,0.6290684882603017
0.844,1.1910588693158957
0.613,0.566625459800477
3.682,3.1106338205340194
1.221,1.5392414106134709
0.861,0.8026625394526405
2.099,2.141804667704612
1.708,2.018906809015405
1.75,2.177510722015171
1.266,1.4050471268069487
2.822,2.2292911410604788
2.077,2.6107462183958106
1.042,1.670690590761275
2.143,2.7412514762829403
0.803,1.23370967404162
2.731,2.8523654231933904
2.375,2.7252083930137374
0.738,1.0685383381925604
1.844,1.9982887322549416
3.42,2.3297444727583354
1.297,1.714711442291538
2.24,3.0107105982064084
1.569,1.9433656626468192
3.949,3.11958910749604
1.577,2.309750942016116
1.199,1.7454283129704606
3.169,2.67017757822461
2.125,2.6114137925366876
0.683,1.0000804151678366
1.651,2.1089213252420294
0.936,1.2844127681887514
0.888,1.5532010654232025
1.847,2.36238236004543
3.271,3.087724384216166
1.343,1.3566192226095382
5.00001,2.547340713465154
1.621,2.0898304163426573
5.00001,5.376587597399016
2.292,1.94899690991479
1.125,1.447493058437395
3.542,2.6903218999769933
3.621,2.9356082227739435
1.625,1.3137410395632187
1.005,1.5456299961445978
0.677,0.5092866472399038
0.571,0.8778080572741871
1.648,2.4612290740385774
2.042,2.036871239335703
3.424,2.8882476427250126
1.815,1.5516183212721444
3.045,1.9576461920018886
2.353,3.011253588632009
1.053,1.8924300388686817
2.914,2.3118712067809
1.596,2.469273258767714
1.118,1.328080220796842
1.196,1.3713179050367046
3.297,2.6678996581664833
1.367,2.293823079627522
1.014,1.4563972711844073
1.186,1.071666968884017
1.333,1.2442209978694194
0.525,0.6738646022786554
2.346,2.9854151003907603
0.75,1.7563628769683106
1.763,2.1898763976018074
3.468,2.7324585207114964
2.518,2.567083270046602
0.542,1.171969460695749
0.675,1.777858073572908
1.425,2.1282087827681906
1.016,1.3884202765906508
2.273,3.01878621240256
3.372,2.5008837622901225
1.188,1.9088733864040535
0.675,0.7854213707223394
2.02,2.306845825113939
0.942,1.1376898594985931
0.962,0.8807371129318966
2.25,2.5610169942568177
2.587,1.838582554476119
1.031,1.170612615866851
1.172,1.508463595997732
1.648,1.028701331176535
1.44,2.0194143446144963
5.00001,3.46684440089129
1.554,0.7507136654153825
1.147,1.3787070162006856
1.231,2.1217751480791662
2.268,2.4799196646438944
1.804,1.0850728890335688
3.109,3.2882230462666513
1.488,2.0728365258063164
0.847,1.3106091729247353
0.637,1.105978483385087
2.62,2.1945101444785067
4.381,3.7678819564760104
2.265,2.260600136878878
0.876,0.907210990350741
3.455,3.026566010254669
1.401,1.4057431626169503
3.667,2.105501737901889
2.708,2.460330071663215
1.688,2.348638627814225
2.938,3.0962651298035198
2.518,3.192913859620745
0.851,0.7427262394671388
2.675,3.014391297611965
1.409,2.177586866866214
2.855,1.8366619559607287
1.513,1.9565507589146023
2.25,2.1304929902059726
0.446,0.9199144666407477
4.5,1.5701282434956312
2.293,3.0380666229276656
2.25,0.537538839212651
1.38,1.879353188257788
0.969,1.0599804188437858
1.612,2.078300130297748
1.443,0.9318538206777234
4.5,1.553356424220894
1.225,1.7819789889753608
2.487,2.344310309263328
1.342,2.038805737477155
3.481,3.4121148251039557
0.783,0.23225452612165753
1.078,1.0225396575751304
1.469,1.8832825680334935
1.883,2.2404657108874133
1.625,1.1817713080934453
0.586,0.47322690527699507
1.837,2.0101427223319916
1.804,1.8702015601631103
1.75,1.935066900016814
1.372,2.6325807386089153
1.1,3.436930746083995
2.334,2.625225511494669
1.283,0.6404045071092028
3.5,1.5019237204685396
1.552,1.9871804486274627
2.567,2.7205608277735394
0.859,1.1710401029042714
0.732,0.7257988558719077
2.583,1.9047604646046778
0.628,0.5157267012368649
4.85,2.765521379535265
1.24,1.9090389788095123
1.585,2.2165957175033313
0.973,1.4152377560629148
1.867,2.585480976752507
3.441,3.461131988036179
1.667,2.1583234906426085
1.089,0.6631182837125422
4.829,2.5958998840028613
2.044,2.504066192102414
2.307,2.3118912090059567
0.53,0.8674918818011861
1.785,1.7693077793616965
5.00001,3.554318013423618
5.00001,5.871172652410657
0.849,1.1865527233882034
5.00001,2.66716500356177
2.468,3.1119242273860763
1.563,1.721400235231961
2.346,1.8484457458135921
0.488,0.7627208363345588
1.458,1.9815658885133232
2.715,2.8942261748363265
5.00001,2.321917930366581
0.875,2.3222385648263923
0.691,0.7693950631101956
1.393,1.678570747413474
2.734,2.1902183906075052
2.297,2.3004048891882007
0.682,0.6669524553591799
1.143,1.3616178188180683
1.599,2.170382174757414
1.166,1.5315082853033886
2.099,2.520820734880722
0.689,0.46323760796678215
1.014,1.708489332034631
2.14,2.3165895964747634
3.553,3.4198328317726947
0.903,2.038185052082717
1.593,2.1365043177695213
0.639,0.9177502621636577
2.182,2.2540673656450565
2.536,2.8004681147578836
0.813,0.9024564693469443
1.886,2.51499851692342
1.654,2.9739642131679886
1.063,1.718755040158932
2.101,2.6673776585066946
1.476,1.924294230195457
1.125,2.239815213554728
1.75,2.180688929957931
1.566,2.288655652418271
1.173,2.0375674889928064
2.292,1.7156746992255378
3.5,1.9037971166566692
1.719,1.297731319857263
1.993,2.2895617460017093
2.516,2.6555309495878134
3.0,1.9944542236455547
1.589,1.5558376570943224
2.168,2.675737811065069
1.98,2.6332824976019182
3.561,3.0490423133784645
1.923,2.2260434239561775
3.145,2.3706728909409662
0.5,0.6910352322952136
1.625,2.1279985926261773
1.671,2.067211573112374
1.388,1.556068032270872
1.476,1.9840095081187954
2.385,2.392442230429488
1.107,1.5608308745407484
3.338,3.2766843785287136
1.921,2.158255533935886
2.94,2.147297070089941
1.545,1.5733182699797865
1.519,2.16926542306917
5.00001,4.8206969949133125
3.229,2.937508594636462
1.656,2.0828540642667974
2.212,2.098153044931763
1.704,2.1928602528760948
1.987,1.9822946926464198
1.625,1.6620530067784358
4.112,3.6054830959795865
3.355,2.9360867539542213
1.491,1.5846291662966436
3.815,2.5678770257179906
1.839,1.0140582404744407
0.912,1.4705470792616993
4.115,3.731834357426287
2.203,2.595042003121911
1.581,2.169003324384569
0.696,-0.033570184782298895
2.705,2.879354690700069
2.616,2.390389334339062
3.895,2.9527638392298954
0.75,1.0351579704659954
1.776,2.57215899728309
1.704,0.5946152282462904
1.542,2.1760734029386626
1.319,1.7550390818342976
0.444,0.33619363758823084
1.45,1.8458569168073495
2.241,2.8399585213800407
1.875,1.1500639844649356
1.929,1.6676443590080083
0.886,0.8425272577542344
1.839,2.155034015192477
2.25,3.0245578122152565
1.828,1.5775364370817897
1.376,1.8683372992039082
2.653,2.804155284399812
0.366,0.6501721454485505
1.255,1.6882620717051893
1.386,2.0713635844847857
4.871,2.6488530320291517
1.786,1.8753215036082906
1.345,2.022267142986415
3.067,3.348758198669877
1.158,2.1948919405329903
0.914,1.30399893740546
2.109,2.3013836184818715
2.592,2.9665341950304267
3.473,3.8283475571965155
1.684,2.3670472193035224
1.509,0.991206672079386
1.135,1.2443111733499421
3.026,2.907482004799327
4.233,2.6185730611287568
4.922,3.723712065530215
1.906,2.1381669211189376
2.45,2.0031897085679518
0.557,1.1988308859491852
0.84,1.877555351683597
2.75,2.8547755163145254
1.896,1.5758566298135648
2.759,1.8462390782989146
3.198,3.3518199054328903
2.917,2.3941551894291138
0.679,0.921992504396492
1.89,2.413943144325401
0.9,1.6006360750423028
3.35,2.570608838029422
1.767,1.6916860029104441
0.985,1.505978226861778
2.006,2.215393835833247
0.602,0.9976869082355435
1.919,2.1195669426535773
1.911,2.1732700928636746
3.373,3.2041064563687556
2.25,2.1367995872495342
2.906,1.7878428068504064
1.215,1.1215501352928072
2.932,3.0062537469189436
1.07,1.360820395311137
2.664,2.475493850254985
0.769,1.3904038240001455
2.203,1.4439311397944579
1.011,1.502515384660505
4.746,2.771993519011403
0.653,0.5235234832231868
1.137,1.3968371574072833
2.142,2.26484495112323
2.167,2.779069611356519
1.984,2.3456379416385857
2.122,1.643704794398225
2.227,2.494450784230743
2.659,2.712844990387069
0.375,1.0025885954686302
2.65,2.5273120111922793
1.087,1.245288889611281
0.467,0.9302533809736886
1.875,2.27197569616483
0.616,0.4408027895422748
3.43,3.1083517261442637
1.66,1.975741015767511
5.00001,2.2733346850743743
1.375,2.3452810315582298
0.906,0.3654578606586014
0.77,1.3971661887794156
1.481,2.1634375084781112
0.916,1.7124915538945586
1.509,1.455745148742551
1.551,2.0247298210524747
0.892,1.2367380609176735
2.154,1.6372748074920267
0.551,0.40310873539733194
1.974,1.997859595154047
1.544,1.8144410060329292
1.417,1.8619715852903198
0.984,1.1949568401884534
1.526,2.044687306338318
1.096,1.5815238401286322
1.713,1.5525163273327465
1.041,0.9306410778183789
1.539,2.2897245381540046
2.7,2.0441621589735206
2.865,3.029298684056812
3.35,2.4806932269597226
1.377,1.8914374958688853
2.32,2.0827511513396644
3.938,2.774101272669853
0.703,0.7659850015580787
1.417,1.6715692407582026
1.563,1.9877359764279987
4.5,2.5467535690972056
1.998,1.6927653519949928
0.953,1.2666843729235993
0.869,1.3846002181111814
1.875,1.6885761402294577
2.218,2.8958865307134687
0.588,0.6624605352766153
1.344,0.9670049298319299
2.386,2.8774800142978947
1.609,1.9581096702215532
1.364,1.9818495830906855
1.44,1.9516068584655883
1.593,2.239515261456127
1.553,1.8626746204379927
1.426,2.608161287985048
1.207,1.3269192266475969
1.262,1.7637662513634567
2.134,2.5947803915501737
1.169,1.607437939977423
1.858,2.0713597868305484
3.56,3.509371317399804
1.5,1.2971659480316688
0.889,1.0123310221127824
2.591,2.1276744034137423
5.00001,3.6608915736517886
1.276,1.3452796903490878
0.699,1.2549102201877531
1.37,2.2955529882461008
2.737,2.7039216066900167
0.92,1.229862888113864
1.183,1.804275343708511
4.108,4.864859541350434
1.005,1.154215945329426
4.929,2.523386829532555
1.185,1.5232909815482003
1.135,1.7350408412478089
0.899,1.6343823431728453
5.00001,3.8919473353722296
5.00001,4.645564124591118
1.463,3.067062660466206
1.135,1.6230555742998405
2.75,2.415040687830455
1.025,1.4772560157150991
1.471,2.1304311263537343
2.25,2.2377442313352205
1.394,1.3368585809651279
1.758,2.3269099230174746
0.57,1.6033085696791574
2.696,1.9982954281811374
2.729,2.7926798225469156
0.762,1.136326538731943
4.841,4.086722361643609
1.806,1.7850029353979622
2.38,2.245683310265157
1.375,1.3401048676510996
1.863,1.42497113261701
1.929,2.5782414267544738
0.845,0.518452950675524
1.076,1.931933494223884
0.555,0.26760031987518573
2.653,2.2966090826465617
3.883,3.082918409898099
4.827,3.2219750747284053
1.981,2.9889643354809223
0.927,0.8320076743298941
3.462,3.340476959443315
0.388,1.188075281953445
0.567,0.7561182865689489
1.237,2.2695404921950058
0.938,1.1827852858357275
0.932,1.2975781850816617
0.44,0.06724407403151389
0.692,1.489266519810947
3.018,2.981294017598813
2.542,1.861886132084507
2.098,2.638599270528971
1.845,2.063306964201118
0.734,1.012118357379947
3.39,3.3236673018467897
0.931,1.4451622383928537
2.023,2.29582147941462
1.333,1.250777140891067
2.707,2.688155539076668
2.402,3.034767412773597
1.393,1.2772483643961081
0.57,0.9648218027205289
1.707,0.9678467366513175
1.192,1.6975379615512693
1.773,2.3503596840252996
2.896,2.7832976286475173
2.976,2.2262259448766883
1.099,1.5127822227230538
1.475,1.4694683972213625
0.787,0.3553107336774488
1.603,2.470318997167354
0.777,1.4756301092726432
4.735,3.9860432510122052
5.00001,4.640919619597966
1.331,1.2739166923687648
0.935,1.0798129655865196
2.801,2.707053621206562
2.567,2.3148324033473955
2.88,2.8296755717544286
1.611,1.5497582881362177
1.37,2.0987014363483922
0.62,0.9529068670993794
4.438,3.7659881165242126
0.683,0.3431461281442978
2.621,2.6093667866928385
1.094,0.9371727113728525
4.093,3.2200770470013964
1.752,2.050553815861676
1.477,1.8910879493282309
2.875,1.752921467903306
0.932,1.5646100472188138
0.938,1.5897749214102248
1.724,1.8688796251019753
3.186,2.872474898685468
1.852,1.7507485057174392
0.652,0.6337483748549815
1.797,0.9969045207563454
1.592,1.5882800410092557
1.519,1.6922378750768061
0.717,1.0820518971091673
2.452,1.7560677019484174
2.283,2.661211671167713
1.964,1.5097591468981335
1.924,2.0724356840974494
0.659,0.56457119044439
2.823,1.7548983444640243
1.853,2.102510206751944
0.886,1.4193751963792636
0.675,1.0012773732680174
1.434,0.8308016353282497
1.194,1.2588759540178813
2.158,2.8002005208525773
2.574,2.809385055784354
3.734,2.9119881510710997
1.523,1.701378489373269
2.457,2.9475590616170493
0.8,1.5101036352142785
1.372,1.3168283530007727
2.669,3.1043535324332794
3.953,3.0169130193248463
2.221,2.7389165267919466
5.00001,2.064605330264932
5.00001,3.415566695532455
2.329,2.39323817180005
2.597,2.892942018734864
2.157,1.5461077713312505
2.432,2.9358591947985744
2.214,2.349510734614718
1.125,1.3892250962857275
3.885,2.366469967465534
4.1,2.4149021486187507
1.63,2.7375152627459585
5.0,2.8352526119189534
2.313,1.8461540991041332
0.761,1.60049915787841
4.586,2.43041140123848
3.663,3.0967289826138966
2.968,2.2526422695168407
0.586,1.127749318528295
0.848,1.0815660255314654
1.173,1.6607816258800483
1.266,0.47533016529376937
1.708,2.4559712820399042
1.493,1.2756636563290513
1.19,0.7571767551678548
3.75,2.418546162085754
2.849,3.117281516032314
1.701,1.7102390241513703
5.00001,2.958823286366318
0.987,1.30266720106016
0.608,0.51924419805448
1.428,1.5282546063860636
2.239,2.4613091090813697
1.375,1.7024293769376655
2.978,3.0014318566253735
1.127,2.0077868614421632
1.133,0.6699527843021826
1.214,1.414907821310301
2.484,2.7220763018843144
4.078,3.5454028607180135
3.566,3.4378754016457265
1.063,1.1336258102314716
1.214,1.7302499723321958
2.409,2.1122429853360742
2.471,1.9082941829724192
1.379,0.6984412474414796
0.863,0.5095275686602747
5.00001,3.551067303679936
2.163,2.517333120953346
3.056,2.8305015074592035
1.583,2.1240895913763893
4.521,2.409381794032967
0.95,1.736269768277218
1.057,0.28110045775001424
0.846,1.2303988735858766
2.401,2.08021777215626
1.625,1.68223638107456
0.966,1.4671130216038435
0.922,0.566426607053856
2.282,2.2836034938565035
1.137,2.6426639517897925
0.69,0.8201057881392089
5.00001,3.7163012796476877
2.25,1.9804517480286137
1.74,1.8718520451555491
5.00001,3.64643809347978
2.53,2.8172147699710663
2.776,3.5339763195488345
2.852,2.725321645881543
0.903,1.6657613150066268
1.899,1.4098894652633902
3.166,2.563662013969413
3.019,2.816548782715678
0.931,0.9475138272673291
0.942,1.4060889539050478
2.138,2.3354910417991235
1.875,2.0120731731612977
5.00001,3.071800847798805
3.257,3.0709280192064554
3.0,2.078333493698622
1.439,2.093069484850133
5.00001,4.5270756749112735
2.641,2.9981091114744487
0.623,1.240615092722642
1.388,0.6065265746152448
1.054,1.93327553971438
0.635,0.538881669654053
5.00001,1.668033991378259
0.978,0.9969380583723151
1.274,1.8811485704894935
1.353,1.9245221339106422
1.561,1.8021449495227273
4.468,3.6596994889069947
0.65,0.6603887318359298
1.518,1.9191605994996834
1.922,2.0353482856422573
1.531,1.8829130303388766
1.658,2.0272387985002283
2.542,2.3139751516007507
2.342,2.667508935257054
1.125,1.2574956486227649
1.187,1.3989515242715171
2.409,2.1291429429023125
2.833,3.340209027857483
4.5,0.8672162056679937
0.521,1.0067530489689531
0.559,0.8602156467432849
0.881,0.7212866315317683
2.489,2.3369152427718163
0.686,0.8246111440293262
1.563,1.721135211664091
2.727,2.6728757667575707
3.404,2.769912076930609
2.188,1.6490504991150416
0.701,0.9052572835184947
5.00001,2.783742671425351
1.625,11.50033102590082
1.118,1.0863494497122943
1.102,1.232654159970366
0.742,0.7895427006990658
1.032,1.56000927583829
1.721,2.212791806539272
1.32,1.3878398008373196
1.663,2.042924540929171
1.073,1.5218101133324637
1.079,0.7962989324066712
0.946,0.9300833284563765
0.661,1.1389172872365023
1.582,2.1068269586166224
0.958,0.6582541961921535
1.17,1.3101659667046874
1.709,2.125336934967507
0.929,1.545674540489692
1.625,1.7919423822467593
1.938,1.6720598632551784
1.346,1.2655739009864604
1.231,0.7157009648528643
1.157,1.4353218447305736
0.835,1.6721192119078907
0.622,0.832908349185459
0.744,0.979242048547043
1.801,2.0227494322992357
1.958,2.5861216080747624
5.00001,4.600804065281686
1.443,1.6407490330995245
1.254,1.1714098702349816
0.808,1.2050204888105256
0.659,1.176697768446978
1.579,2.430198291851127
5.00001,2.194884692516773
1.808,2.179344736292194
2.362,2.7666180623608696
1.03,1.648501984358532
2.169,1.8903694381088556
3.833,1.77034182718603
5.00001,1.7111556154246088
0.835,0.3178903057309128
2.144,1.902337172859042
1.0,0.34953938230177783
0.788,0.9186158541179594
0.976,1.4813035236788181
1.784,2.2623891230582203
2.871,3.0721802118993935
2.701,3.215483408177967
1.855,2.604898535920455
0.906,1.7190733315917583
2.136,1.6130109103755643
1.243,1.3640194480938206
2.05,1.3142900860416802
2.567,2.0337114221310557
3.927,3.6499043439564787
1.333,1.6630978772144616
1.871,2.2102700014056182
2.554,3.292598993562848
3.474,2.8068175796163572
1.717,1.6838408879729982
1.125,1.8094753432069268
0.826,0.8169473270777559
0.486,1.2335857292095938
1.341,2.252871756378376
2.258,2.0822446971680364
5.00001,4.010686471987853
4.7,2.929502304292143
2.258,2.5502858323466597
1.58,1.7035710138692437
1.171,0.9313081550463309
4.163,3.6379524927936373
1.208,1.0672036241979583
2.263,2.588488853248329
1.222,1.5787670642160236
1.0,1.338089395146703
2.295,2.3543936852301144
1.958,1.0744271469697182
0.85,0.4546425655312376
2.647,1.7796456990594862
4.555,4.065241255889532
1.76,1.8187612606472356
0.811,0.9379897081966106
1.664,2.2326440975429094
0.826,1.5723456170219094
2.722,1.9028167350026806
2.711,2.2128151781221916
2.394,2.4627551051825733
1.718,2.469027268045089
1.218,0.41440518111928526
1.736,1.6605762744018335
2.393,2.2616149928948843
0.588,1.2250594316153993
2.875,2.4568738400857697
0.707,1.1454532144185734
1.817,1.8974726087897338
1.137,1.4970541408820779
2.241,2.5379484771868164
3.513,3.6271520431701063
3.013,2.9970763947732237
0.807,2.595617629374452
1.526,1.7755918747269206
2.374,2.765405051025617
1.794,2.362821164913811
5.00001,4.135155024569563
1.702,2.396140010328466
1.653,1.921367551381124
2.259,2.460798202017237
1.597,1.4844298686443196
3.635,3.05634592982868
1.321,2.0179396223482158
3.768,2.5499938698496223
0.969,1.858475099593015
3.162,2.792743821795014
3.238,2.7098689668987532
3.875,2.670182046029595
1.491,1.8463716833717356
5.00001,6.3572602687470265
2.25,1.2849517819938256
1.788,2.118902617720991
0.875,1.5205029500205143
1.301,1.7928930996016348
5.00001,3.7129143268778293
3.49,2.96294819784962
0.73,1.4182406076533383
2.447,2.4792735278158133
2.754,2.159676198069583
2.462,2.7743211679346516
2.362,2.0109609775898605
2.322,3.017416135157575
0.533,0.9801032520843904
1.631,1.53392267191915
0.724,0.31445510758913997
2.345,2.1136735190586293
1.5,1.776773663349978
1.161,1.4766598986220458
1.813,1.7916517135814445
1.21,2.0352864572600424
0.887,1.6771554077320587
1.825,2.5525811630499646
1.974,2.184841247005771
1.281,1.8263033962104842
0.765,0.6126902562860934
3.0,3.1553109455528627
5.00001,4.376839629871107
1.603,2.0452340589760496
3.356,3.3127611282614424
1.576,1.5964989224717243
1.906,2.348034371034686
1.808,1.9382784477343051
1.042,1.0633781102506177
1.118,1.5907269251447218
1.941,2.3387279035915114
2.538,3.0755843359509356
1.295,2.06839059070397
1.176,1.5283107740471351
3.398,3.386889408413623
3.429,2.5100317127492247
1.955,1.7798060128911644
0.838,0.4797160730460348
0.942,1.6476836713569156
1.406,1.4403777876060815
1.609,2.1614751590553922
1.693,2.0038223499447767
2.759,2.764694143450008
1.462,1.6053709373502443
2.023,1.1729159608247741
1.54,1.9346527047135282
1.355,1.9786915947926786
2.359,2.6810563988169918
1.288,1.4154917734335157
2.496,2.4057479689140067
3.0,2.12491121145127
1.341,1.861224864789655
3.086,2.6647608038950708
3.5,2.6304571537832615
1.108,1.9834573729960923
1.908,1.79626297254854
1.088,1.0062523751143004
1.444,1.6098819139759044
1.629,1.959334370361745
1.639,2.162349392149771
0.98,1.4827827593382281
1.327,1.7152551013561776
2.831,2.767567323051807
4.072,3.0035825470763484
2.482,2.991113448406317
0.645,1.2452399188013672
5.00001,2.819845499124085
1.944,2.3899626099093823
1.375,1.6618838420624016
1.273,1.6532582554281205
0.853,1.5666400605672237
1.949,1.9193848717020217
2.211,2.3588614493087547
1.922,2.13356349586752
4.045,2.1595265080083763
0.735,0.6054101842720243
2.337,2.101601920274746
1.188,1.2341706880211731
0.7,1.2690363453512106
1.828,1.9497254520377467
5.00001,4.794236575618946
1.577,2.1071635846632546
2.479,2.5754125494211735
5.00001,4.265071986723278
3.579,2.6611077863912698
0.569,0.62243428318817
3.024,3.2970513671201687
1.254,1.4544748054767354
3.864,2.520580535923287
1.756,1.966447914791253
1.105,1.7270611569663785
3.867,3.9436655718785616
1.375,1.948772984188345
2.287,3.032741631194334
1.494,1.8463937919032318
0.737,1.478483670127467
5.00001,2.7180475802952486
1.321,1.4097440370160257
0.865,0.7850490645566452
4.179,2.468054182851894
1.726,1.4950599102968951
0.997,1.0762906082937391
0.725,1.6770691682407275
1.808,2.790323069952116
3.084,2.3501217339201474
2.883,2.8607136561681727
3.022,2.173098270351062
2.888,3.2435519096077527
1.0,1.3891621967193046
2.33,2.0771075188565504
1.369,2.2681253137199775
2.094,1.8775681890680147
2.466,2.7069844523281077
0.652,0.7295951057769443
4.912,2.6613987934035066
3.567,3.3068044431582067
1.643,2.0008832933076874
0.882,1.0339657492133512
1.559,1.0084376985716261
1.917,1.87034834477857
0.844,1.8744714227256978
1.901,2.401517992949451
1.125,1.0411570001254375
1.152,2.174341298395916
1.746,2.352032057452419
1.135,1.806236918893397
1.524,2.199837463894042
2.503,2.0828152846770536
1.837,2.1891005017958776
5.00001,2.135070649962749
3.109,2.9342289096936156
2.306,2.0182900034014324
0.685,0.8951597216854239
2.674,2.3837966228571474
1.453,1.831911977103296
2.82,3.1109387417380177
2.821,1.5679516765914272
1.898,2.5922406316196316
2.544,2.7773378729485003
1.617,2.2087822654423093
1.888,1.805572483990801
5.00001,2.673727759476243
0.944,0.7494772697735996
3.428,2.7570537646476154
1.915,2.290681159425226
2.096,1.821844739063792
2.35,2.3196466123346013
2.314,3.0710765841848726
1.302,1.925827351780093
2.082,2.526167662571268
5.00001,4.411724018844019
1.686,1.9433652171999682
2.281,2.1995490996871325
1.269,1.8885642543496104
1.355,1.8157680649357957
1.567,2.5062410906191275
2.086,2.266262668026876
4.367,2.6612612254896604
0.71,0.8455901018378995
0.888,0.4268876345470787
3.416,3.3315755226929866
1.202,1.633043782019449
1.482,1.6397126235751571
5.00001,3.5205602993914837
3.75,2.0190985330762174
1.375,1.792169304821627
0.648,0.742711074214391
2.318,2.6052419596289838
1.607,1.9957219435189657
2.51,2.1039085012429055
1.425,2.237400736101492
1.765,2.1403006154699753
1.771,2.1840400576436423
3.118,2.9271476825826497
0.846,1.6670551694160736
1.226,0.8760268786287995
1.982,2.2945762655447055
5.0,2.898996410415471
2.798,3.1206581308658414
1.95,2.6389053110061056
2.028,1.3295916048664367
3.541,2.5824844711337533
2.595,2.771098774850749
5.00001,2.849369175626016
2.724,2.7738089835438515
1.839,2.0396298203974013
2.858,2.4982606583578715
2.25,1.7135551400288804
2.926,2.451455222526441
0.552,0.5384234866505366
2.62,1.9063670037338198
1.589,2.6024403960745914
1.721,2.456726394709193
1.917,2.281387625302841
2.25,2.4514919389806877
1.083,1.5731086553607128
1.136,1.0456058489633904
1.0,1.4714311464449636
1.917,1.6200863570701785
1.172,1.3141828519179768
1.106,1.3467184247166415
0.802,1.3585113583048454
0.981,1.685899757315859
2.538,2.8360467261128193
0.481,0.6597731551324628
1.928,1.981630939832634
1.328,1.4054328496461537
1.963,1.6717908640313937
3.208,2.2930503892971927
3.194,2.1089298762195128
2.037,2.891092848377532
2.071,2.671878208565218
0.799,0.8308747080425221
5.00001,2.429026084916167
3.3,2.4295290353622008
1.39,1.968521099777817
1.875,2.1792516253945635
4.483,2.566896120203424
1.763,2.002110143818193
1.759,1.6509287226522176
1.042,1.4061195842381764
1.622,2.0097235685395987
1.668,2.116467917717074
1.612,1.6812491994263041
1.531,1.8356486191978973
1.569,1.4896066378019057
1.581,1.680856719645334
0.769,1.2123243487550681
1.654,2.1672918196152366
0.735,1.9717846714949516
1.184,1.677888160342519
1.424,1.5587815736825874
2.803,2.81713342167577
1.072,1.0333140732100787
1.833,1.1724142169946106
0.988,0.047543183068867734
2.345,1.8157268020264823
1.435,2.261554578295076
1.08,1.9929226601524235
0.978,-0.14358418395322303
0.705,1.103753038393215
2.259,1.8540075417013426
2.398,2.5352728147519983
1.364,1.742025388838421
1.806,2.2250877689656434
2.396,2.6692116799561347
2.657,2.858967729074095
2.042,2.2284193519240247
1.225,1.9888745983034042
2.04,2.761942933650822
1.953,2.0964261729106966
2.158,2.2704644004914627
5.00001,3.1474977420839565
0.758,0.12432311863067724
2.654,3.01602407565629
2.737,3.596249320739453
1.164,1.6299945447569826
0.594,1.1508522596572845
1.37,1.6350193819729597
1.192,0.32026284469552024
2.442,2.731212550675373
1.7,1.93083350237373
2.803,3.4729248044588417
2.85,3.128159535075973
1.026,1.540170277203778
1.205,0.753380568633979
3.616,2.875460155375144
4.553,3.9467611459290524
2.134,2.2114284049514836
1.58,2.692478244705775
2.17,2.185325932236715
0.637,0.425387433145751
2.443,3.1819798200782614
1.511,1.6004422752185476
1.108,1.385176046279902
4.338,4.293830773202849
0.729,1.1910916115155956
1.085,1.9772711772565827
4.526,4.1519426857529425
4.676,5.644136709559689
2.633,1.9917457428060032
2.668,2.2498391162988653
5.00001,4.468770165723342
0.723,1.1875111855194476
1.515,2.009402509723131
